0.1,57.2094,0.18,4.4,9.7221
0.0,22.2481,0.07,7.89,179.461
0.0,327.35,1.03,0.38,787.909
0.53,874.0,2.75,3.7,338.386
0.0,740.51,2.33,0.99,655.037
0.07,291.438,0.917,0.411,1126.37
0.0,415.704,1.308,2.34,1148.93
0.0,2415.4,7.6,7.3,1744.6
0.33,170.032,0.535,0.44,732.409
0.0,772.29,2.43,2.82,1176.12
0.08,1102.82,3.47,2.2,764.889
0.047,352.78,1.11,0.71,790.663
0.59,1366.669,4.3,8.87,844.061
0.0,718.2958,2.26,1.36,1398.8341969
0.077,12.2,0.038,0.249,627.158
0.16,889.9,2.8,3.0,1060.97
0.0,5.7,0.018,0.9,591.555
0.0,28.0,0.088,1.3,591.555
0.0,85.81,0.27,0.15,1103.48
0.0,165.26,0.52,0.28,1045.18
0.065,3302.11,10.39,12.6,1010.28
0.047,153.82972,0.484,0.69,766.183
0.082,270.1555,0.85,1.45,806.507
0.0,6883.91,21.66,26.4,768.771
0.007,921.707,2.9,3.45,1032.23
0.02,266.9772,0.84,0.33,2005.76
0.0,228.83,0.72,0.525,726.412
0.09,148.42,0.467,0.217,882.472
0.1,940.74,2.96,2.32,645.294
0.0,4.07661,0.01283,6.61,159.906
0.0,69.92,0.22,1.6,322.037
nan,47.6745,0.15,1.1,576.683
0.0,1.15,0.0036,5.51,134.0
nan,4.16,0.0131,3.5,159.259
nan,0.26,0.00082,4.31,253.026
nan,1.98,0.00624,5.99,476.882
nan,1.08,0.0034,5.43,334.967
0.0,0.688,0.00217,5.05,577.6
nan,0.972,0.00306,5.34,257.443
nan,1.12,0.00352,5.47,436.488
nan,2.27,0.00714,5.55,243.935
nan,3.53,0.0111,3.95,369.888
nan,1.01,0.00317,5.39,161.365
nan,3.26,0.0102,4.21,451.769
nan,0.666,0.0021,5.02,109.888
nan,0.84,0.00264,5.22,314.35
0.06,4.58,0.0144,3.24,186.197
0.0,27.0,0.08495,0.65,181.69
nan,2.31,0.00727,5.48,418.395
nan,5.35,0.0168,2.88,611.804
nan,3.19,0.01,4.28,283.29
nan,1.46,0.00459,5.71,320.07
0.2,7.2,0.0227,2.29,336.25
0.2,7.7,0.0242,2.17,336.25
nan,2.79,0.00879,4.73,496.289
0.0,7.72,0.02429,8.5,244.59
0.18,5.8,0.01825,2.0,244.59
0.0,4131.79,13.0,nan,551.886
0.06,8.75,0.02753,6.39,321.296
0.07,14.67,0.04616,1.62,321.296
0.15,10.18,0.03203,0.91,321.296
0.0,4.76,0.015,3.15,27.9276
0.22,1.66,0.00522,6.3,12.613
0.0,6.26125,0.0197,1.49,14.6427
0.0,2.09,0.00658,6.76,20.373
0.188,22.7,0.07142,7.0,16.32
nan,1.84,0.00579,5.6,9.44181
0.0,4.91,0.01545,6.93,29.661
0.0,0.84,0.00264,2.42,29.661
0.0,4.04,0.01271,2.69,29.661
0.218,26.69772,0.084,1.68,37.7647
0.0,67.059,0.211,0.3192,142.751
0.0133,270.462,0.851,0.362,246.81
0.19,616.5902,1.94,1.96,192.516
0.35,184.3414,0.58,0.64,92.3831
0.084,62.61,0.197,0.25,161.4
0.067,92.802,0.292,0.25,202.078
0.5172,2765.121,8.7,7.29,127.774
0.015,2302.899,7.246,13.78,71.0374
0.23,1547.8321,4.87,4.6,277.278
0.11,425.8922,1.34,1.406,364.813
0.023,180.84527,0.569,0.483,300.384
0.12,22.2481,0.07,0.4,141.837
0.051,198.953,0.626,0.44,401.319
0.25,721.4741,2.27,2.18,344.05
0.432,1058.3739,3.33,2.5,249.325
0.063,587.41341,1.8482,1.175,294.419
0.058,371.528,1.169,0.89,390.594
0.067,84.857,0.267,0.59,255.206
0.0,152.5584,0.48,0.15,464.469
0.0,331.801,1.044,0.61,405.238
0.0,210.395,0.662,0.39,528.825
0.044,111.871,0.352,0.23,347.85
0.049,283.492,0.892,0.38,298.64
0.123,156.684,0.493,0.28,290.736
0.0,699.226,2.2,0.75,350.351
0.0,311.4734,0.98,0.642,303.336
0.115,429.0705,1.35,0.78,515.458
0.123,98.20947,0.309,0.178,440.089
0.047,259.98494,0.818,0.98,361.155
0.134,471.65972,1.484,0.8,666.802
0.074,241.5508,0.76,1.118,143.651
0.139,184.97706,0.582,0.435,511.388
0.29,734.1873,2.31,0.75,320.639
0.0,419.5356,1.32,0.558,275.358
0.304,167.49641,0.527,0.096,738.519
0.09,248.86089,0.783,0.242,935.456
0.041,230.10892,0.724,0.727,202.152
0.0,1137.8314,3.58,1.02,341.263
0.0,2154.8874,6.78,1.54,330.739
0.084,238.05467,0.749,0.342,455.203
0.12,589.55,1.855,1.03,283.971
0.501,167.17858,0.526,0.7,534.889
0.34,263.7989,0.83,0.315,944.603
0.085,759.6137,2.39,1.12,746.138
0.181,172.58169,0.543,0.377,421.855
0.142,340.39593,1.071,1.191,513.011
0.126,689.6911,2.17,1.97,1139.55
0.0,1039.3041,3.27,1.86,757.044
0.029,425.25654,1.338,3.5,400.331
0.166,629.14449,1.9795,1.1169,624.368
0.0,427.463,1.345,1.05,341.925
0.079,870.8542,2.74,3.89,229.518
0.114,467.2101,1.47,0.29,639.004
0.0,718.2958,2.26,1.03,494.182
0.176,194.82979,0.613,0.38,471.158
0.245,206.5895,0.65,0.153,861.843
0.581,168.4499,0.53,0.18,816.988
0.202,213.58176,0.672,0.48,535.383
0.158,207.54299,0.653,0.411,353.891
0.0,340.382,1.071,0.51,411.211
0.233,279.6904,0.88,0.243,773.974
0.471,292.4036,0.92,0.58,745.116
0.08,378.85336,1.192,0.79,248.46
0.108,299.07803,0.941,0.4,508.842
0.306,388.38826,1.222,0.484,514.555
0.105,1022.14128,3.216,2.12,856.436
0.0,23.51942,0.074,0.403,343.525
0.275,200.2329,0.63,0.202,878.521
0.013,420.471,1.323,1.55,416.459
0.312,505.3497,1.59,0.49,1342.29
0.38,3082.951,9.7,5.1,737.668
0.229,597.5204,1.88,0.83,800.377
0.173,82.95363,0.261,0.191,362.273
0.279,177.9848,0.56,0.56,446.035
0.24,222.481,0.7,0.41,772.11
0.559,54.98459,0.173,0.28,453.808
0.088,117.27927,0.369,0.331,300.67
0.071,112.19399,0.353,0.986,324.413
0.019,75.323,0.237,0.39,246.384
0.516,123.9537,0.39,0.33,756.742
0.33,244.09344,0.768,0.34,389.57
0.246,711.9392,2.24,1.06,555.134
0.33,189.10885,0.595,0.303,585.77
0.126,241.5508,0.76,0.77,748.585
0.092,292.72143,0.921,0.587,609.838
0.019,191.33366,0.602,0.155,564.409
0.028,1000.21101,3.147,2.65,279.485
0.129,256.17098,0.806,0.7,642.884
0.0,101.38777,0.319,0.399,169.318
0.191,210.40346,0.662,0.537,486.474
0.092,1080.622,3.4,2.47,679.761
0.298,56.89157,0.179,0.076,523.067
0.136,305.1168,0.96,0.67,623.232
0.151,305.1168,0.96,0.245,1080.15
0.064,1694.0339,5.33,2.34,1477.98
0.057,460.8535,1.45,0.374,960.109
0.036,410.0007,1.29,0.856,603.955
0.519,183.38791,0.577,0.46,414.537
0.17,38.1396,0.12,0.83,240.707
0.18,4100.007,12.9,6.64,1458.83
0.0,117.5971,0.37,0.42,140.225
0.013,39.85588,0.1254,0.411,127.589
0.376,43.86054,0.138,0.259,794.637
0.075,266.02371,0.837,0.626,638.7
0.093,12.6,0.03964,4.7,109.353
0.22,15.2,0.04782,1.01,109.353
0.045,3.24,0.0102,4.23,64.5978
0.034,4.94,0.0155,3.06,64.5978
0.055,6.98,0.022,2.34,64.5978
0.058,9.71,0.0306,1.82,64.5978
0.051,4.72,0.0149,3.16,64.5978
0.251,131.89945,0.415,0.477,79.5702
0.09,7.51,0.02363,9.3,44.8155
0.05,8.11,0.02552,3.23,44.8155
nan,11.6,0.0364,1.59,53.6089
nan,10.5,0.0331,1.71,53.6089
nan,10.1,0.0319,1.76,53.6089
0.0,8.83,0.02778,9.15,48.0883
nan,3.7,0.01164,31.93,16.32
0.0,16.6,0.05223,0.87,94.1719
0.115,60.5,0.19,0.431,95.5483
0.0,17.92,0.05638,15.0,39.0341
0.0,17.18,0.05405,9.51,39.0341
0.091,371.8611,1.17,0.486,196.852
0.0,5.02,0.01579,5.6,47.2899
0.267,9.8,0.03083,1.97,47.2899
0.36,6.9,0.02171,2.37,47.2899
0.032,77.55052,0.244,0.464,80.6665
0.0,5.27,0.0166,2.91,22.4035
0.0,7.61,0.0239,2.2,22.4035
0.124,561.92344,1.768,1.26,126.339
nan,5.6,0.01762,7.4,109.86
0.075,7.25,0.02281,3.97,45.683
0.22,34.9613,0.11,0.471,132.345
nan,8.75,0.0275,1.97,106.289
nan,7.08,0.0223,2.32,106.289
nan,14.9,0.0467,1.32,106.289
nan,26.0,0.0819,0.854,106.289
nan,74.0,0.233,0.383,106.289
0.059,72.4,0.228,0.39,127.28
0.31,27.0,0.08495,2.6,272.36
0.0,12.6,0.0396,1.5,188.959
0.1,4.66,0.0147,3.2,188.33
0.1,2.24,0.00705,5.6,188.175
0.09,4.5,0.0142,3.28,189.289
nan,30.0,0.09439,4.31,197.989
0.0,266.9772,0.84,0.35,685.2
0.18,59.4,0.18689,2.22,477.295
nan,44.4,0.14,0.567,329.309
0.079,16.7,0.05254,5.2,116.474
0.13,5.29,0.01664,4.8,200.394
0.0,410.0007,1.29,1.97,635.722
0.0,587.9855,1.85,2.99,475.758
0.137,266.9772,0.84,0.82,413.591
0.06,0.257,0.00081,4.3,49.3855
0.06,4.78,0.015,3.14,101.632
0.15,4.9,0.0154,3.08,101.632
0.2,6.99,0.022,2.34,321.722
0.07,6.94,0.0218,2.35,365.581
nan,6.04,0.019,2.62,326.381
0.14,4.7,0.0148,3.18,289.543874
0.22,43.9,0.138,0.572,169.398
0.06,8.05,0.0253,2.1,161.555
0.08,8.75,0.0275,1.97,140.385
0.08,5.39,0.017,2.86,124.156
0.06,4.54,0.0143,3.26,102.953
0.12,52.9,0.167,0.496,709.999
0.23,2.6,0.00819,4.99,114.637
0.13,1.12,0.00352,5.47,27.7957
nan,4.23,0.0133,3.44,342.394
0.17,2.1,0.0066,5.91,118.011
0.0,6.3,0.01982,7.7,152.509
0.29,155.7367,0.49,0.277,609.818
nan,2.36,0.00742,5.39,75.1703
nan,3.2,0.0101,4.27,75.1703
nan,4.67,0.0147,3.19,75.1703
nan,3.64,0.0115,3.86,75.1703
0.0,158.915,0.5,nan,98.8765
0.403,3.09,0.00972,4.39,202.585
0.296,6.9,0.0217,2.37,202.585
0.348,7.56,0.0238,2.21,202.585
0.315,10.8,0.0341,1.67,202.585
0.364,8.3,0.0261,2.06,202.585
0.12,123.00021,0.387,0.91,153.856
0.14,20.7,0.065,1.02,364.048
0.12,323.86877,1.019,0.963,347.917
0.0,5.08,0.01598,8.2,61.8736
0.0,7.4,0.02328,nan,61.8736
0.129,5.77,0.01816,3.69,79.3002
0.075,7.49,0.02358,3.92,79.3002
nan,2.48,0.0078,5.19,90.5494
nan,3.33,0.0105,4.15,123.676
nan,6.71,0.0211,2.42,493.992
nan,4.66,0.0147,3.2,102.483
nan,5.86,0.0184,2.68,108.449
nan,4.66,0.0147,3.2,143.125
nan,4.62,0.0145,3.22,129.356
nan,4.94,0.0155,3.06,129.356
nan,3.89,0.0123,3.67,72.7998
nan,7.27,0.0229,2.27,72.7998
nan,4.27,0.0134,3.42,72.7998
nan,1.6,0.00505,5.78,150.21
nan,1.18,0.00371,5.51,298.373
nan,7.46,0.0235,2.23,197.299
nan,2.18,0.00687,5.71,197.299
nan,5.73,0.018,2.73,170.998
nan,4.74,0.0149,3.16,334.967
nan,6.99,0.022,2.34,334.967
nan,10.2,0.0322,1.75,315.363
nan,31.1,0.0978,0.747,916.319
nan,2.67,0.00839,4.91,124.433
nan,6.65,0.0209,2.44,208.529
nan,10.6,0.0334,1.7,375.67
nan,2.17,0.00682,5.76,134.591
nan,3.03,0.00955,4.44,134.591
nan,7.5,0.0236,2.22,134.591
nan,5.43,0.0171,2.84,476.882
nan,8.34,0.0262,2.05,80.8994
nan,4.12,0.013,3.52,243.935
nan,2.16,0.00681,5.75,235.867
0.18,5.6,0.0176,2.77,125.106
nan,2.6,0.00817,5.01,392.872
nan,3.9,0.0123,3.66,392.872
nan,7.69,0.0242,2.18,606.128
nan,3.42,0.0107,4.06,249.742
nan,10.4,0.0326,1.73,249.742
nan,3.22,0.0101,4.25,228.641
nan,7.27,0.0229,2.27,99.9293
nan,4.81,0.0151,3.12,247.266
nan,2.83,0.0089,4.69,247.302
nan,5.13,0.0161,2.97,492.167
nan,12.4,0.039,1.51,214.753
nan,6.86,0.0216,2.38,190.81
0.2,8.92,0.02807,4.11,38.0266
nan,5.95,0.0187,2.65,203.896
nan,8.45,0.0266,2.03,360.911
nan,8.05,0.0253,2.1,154.83
nan,7.27,0.0229,2.27,329.041
nan,8.6,0.0271,2.0,329.041
nan,8.55,0.0269,2.01,329.041
nan,3.02,0.00951,4.46,75.5857
nan,2.28,0.00717,5.54,268.357
nan,10.2,0.0321,1.76,330.739
nan,2.24,0.00705,5.6,330.916
nan,3.89,0.0123,3.67,330.916
nan,10.2,0.032,1.76,330.916
nan,6.26,0.0197,2.55,330.916
nan,2.39,0.00752,5.34,446.821
nan,8.4,0.0264,2.04,446.821
nan,2.92,0.0092,4.57,242.113
nan,6.8,0.0214,2.39,242.113
0.119,28.5,0.08967,0.334,289.827
0.0,15.9,0.05003,0.94,289.827
0.0,14.0,0.04405,51.4,289.827
nan,2.41,0.00758,5.3,160.679
nan,1.34,0.00421,5.64,160.679
nan,3.12,0.00981,4.36,287.188
nan,2.92,0.0092,4.57,221.753
nan,14.8,0.0465,1.32,411.923
nan,12.9,0.0405,1.47,629.51
nan,9.96,0.0313,1.78,315.014
nan,7.16,0.0225,2.3,315.014
nan,12.6,0.0397,1.48,584.877
nan,7.08,0.0223,2.32,247.637
nan,16.3,0.0514,1.22,110.567
nan,2.61,0.00822,4.98,110.567
nan,6.52,0.0205,2.47,110.567
nan,4.16,0.0131,3.5,107.518
nan,8.15,0.0256,2.08,107.518
nan,2.43,0.00766,5.26,184.131
nan,2.54,0.008,5.09,197.932
nan,10.8,0.034,1.67,197.932
nan,5.91,0.0186,2.66,300.397
nan,2.45,0.00772,5.23,166.147
nan,9.51,0.0299,1.85,577.235
nan,4.64,0.0146,3.21,405.301
nan,8.22,0.0259,2.07,244.443
nan,7.3,0.023,2.27,363.064
nan,3.46,0.0109,4.02,256.887
nan,0.586,0.00184,4.92,76.4986
0.1,4.04,0.0127,2.7,83.6448
0.21,6.76,0.0213,5.4,83.6448
nan,0.474,0.00149,4.75,176.51
nan,2.46,0.00775,5.2,272.297
nan,6.9,0.0217,2.37,109.218
nan,2.9,0.00913,4.59,389.702
nan,6.48,0.0204,2.48,300.64
nan,5.16,0.0162,2.96,403.964
0.0,8.0,0.02517,8.2,115.461
nan,12.5,0.0393,1.5,381.878
nan,7.13,0.0224,2.31,394.083
nan,2.38,0.0075,5.34,325.4
nan,2.66,0.00837,4.91,325.4
nan,7.16,0.0225,2.3,325.4
nan,6.3,0.0198,2.54,233.514
nan,3.46,0.0109,4.02,318.81
nan,6.3,0.0198,2.54,101.321
nan,0.64,0.00201,4.99,198.604
nan,3.09,0.00972,4.39,198.604
nan,3.05,0.00961,4.41,275.255
nan,6.39,0.0201,2.51,275.255
nan,12.0,0.0377,1.55,357.778
nan,2.99,0.0094,4.5,211.265
nan,3.41,0.0107,4.06,187.234
nan,1.92,0.00606,5.96,129.46
0.0,2.49,0.00783,8.9,102.564
0.0,21.3,0.06702,12.8,102.564
nan,4.5,0.0142,3.28,540.773
nan,6.8,0.0214,2.39,321.215
0.258,126.49634,0.398,0.405,130.72
0.0,2.54,0.00798,5.11,67.5062
0.0,2.34,0.00738,5.4,67.5062
0.0,7.46,0.0235,2.23,67.5062
0.0,392.83788,1.236,0.37,314.995
0.0,273.3338,0.86,0.56,537.963
nan,1.37,0.0043,5.66,31.0849
nan,0.972,0.00306,5.34,31.0849
nan,1.37,0.0043,5.66,31.0849
0.06,19.0,0.05978,0.64,170.562
0.07,15.4,0.04845,0.2,170.562
nan,4.66,0.0147,3.2,72.9105
nan,3.89,0.0123,3.67,72.9105
nan,7.04,0.0221,2.33,149.464
nan,6.99,0.022,2.34,109.237
nan,5.35,0.0168,2.88,266.864
nan,4.7,0.0148,3.18,266.864
nan,3.71,0.0117,3.8,212.902
nan,17.4,0.0546,1.17,456.064
nan,12.0,0.0377,1.55,703.616
nan,5.14,0.0162,2.96,258.113
nan,5.43,0.0171,2.84,258.113
nan,7.13,0.0224,2.31,406.254
nan,8.2,0.0258,2.07,521.716
0.27,11.6,0.0366,1.58,44.9565
nan,6.53,0.0205,2.47,414.708
nan,6.12,0.0193,2.59,147.03
nan,3.68,0.0116,3.84,228.839
nan,nan,nan,nan,876.565
nan,3.29,0.0104,4.17,227.775
nan,5.43,0.0171,2.84,227.775
nan,8.75,0.0275,1.97,191.608
nan,7.41,0.0233,2.24,564.693
nan,0.498,0.00157,4.79,64.0065
nan,9.27,0.0292,1.89,661.873
nan,5.99,0.0189,2.64,416.457
nan,7.61,0.0239,2.2,99.0504
0.0,451.3186,1.42,0.5,663.834
0.39,70.87609,0.223,0.483,213.283
0.14,14.8,0.04657,5.7,162.481
0.5,5.61,0.0176,2.78,185.605
0.45,7.6,0.0239,2.2,185.605
nan,2.57,0.00809,5.04,327.783
nan,7.7,0.0242,2.17,327.783
nan,3.09,0.00972,4.39,360.76
nan,2.48,0.0078,5.19,280.518
nan,9.01,0.0283,1.93,280.518
nan,41.8,0.131,0.595,564.454
nan,8.8,0.0277,1.96,423.065
nan,17.9,0.0563,1.14,308.105
nan,5.48,0.0172,2.83,228.327
nan,5.65,0.0178,2.76,123.438
nan,6.08,0.0191,2.61,123.438
nan,13.7,0.043,1.4,488.152
nan,4.94,0.0155,3.06,113.123
nan,9.17,0.0288,1.9,786.439
nan,1.92,0.00606,5.96,182.983
0.0,5.99,0.0189,2.64,62.9969
nan,45.6,0.144,0.555,391.537
nan,50.9,0.16,0.511,458.139
nan,8.35,0.0263,2.05,496.289
nan,12.2,0.0383,1.54,402.915
0.078,8.15,0.0256,2.08,107.272
0.0,9.68,0.03046,3.07,154.961
0.0,15.68,0.04933,1.95,154.961
0.0,6.5,0.02045,nan,154.961
0.0,10.7,0.03367,nan,154.961
nan,5.06,0.0159,3.0,76.1486
0.478,100.11645,0.315,0.643,158.335
nan,61.0,0.192,0.445,274.3
0.0,6.49,0.02042,8.84,90.0562
0.04,24.5,0.07709,7.4,114.293
nan,6.57,0.0207,2.45,392.251
nan,3.39,0.0107,4.07,373.078
0.0,106.47305,0.335,0.612,232.801
0.0,6.48,0.02039,3.7,44.0727
0.0,2.14,0.00673,2.98,44.0727
0.0,2.8,0.00881,5.62,44.0727
0.0,184.02357,0.579,0.64,333.042
nan,70.6,0.222,0.398,1314.53
nan,0.809,0.00254,5.18,56.9686
nan,2.33,0.00733,5.44,112.486
nan,4.01,0.0126,3.6,112.486
nan,8.91,0.028,1.95,176.291
nan,3.39,0.0107,4.07,147.866
nan,8.2,0.0258,2.07,209.071
nan,7.37,0.0232,2.25,108.74
nan,4.46,0.014,3.31,77.6888
nan,4.35,0.0137,3.38,123.415
nan,5.06,0.0159,3.0,118.318
nan,6.48,0.0204,2.48,136.667
nan,5.48,0.0172,2.83,111.638
nan,5.82,0.0183,2.7,282.308
0.0697,82.6358,0.26,0.694,233.237
0.0,1175.971,3.7,nan,139.268
0.0,539.67534,1.698,0.94,348.646
0.13,2.3,0.00724,5.5,252.596
0.12,4.38,0.0138,3.35,252.596
0.0,3.9,0.01227,7.2,109.749
0.0,7.8,0.02454,1.3,109.749
nan,3.22,0.0101,4.24,179.943
nan,8.0,0.0252,2.11,179.943
nan,7.9,0.0249,2.13,179.943
nan,19.0698,0.06,17.5,192.69
nan,9.9,0.03115,3.6,192.69
0.0,28.6047,0.09,0.5,307.47
0.08,5.06,0.0159,3.0,231.828
nan,5.27,0.0166,2.91,396.913
0.07,18.5,0.0583,1.11,182.536
nan,6.44,0.0203,2.5,182.536
nan,6.5,0.0204,2.48,476.703
0.1,36.4,0.114,0.662,495.317
nan,4.86,0.0153,3.1,449.237
nan,4.23,0.0133,3.44,349.881
nan,5.65,0.0178,2.76,313.764
nan,4.38,0.0138,3.35,457.125
nan,4.31,0.0136,3.4,202.943
nan,5.73,0.018,2.73,202.943
nan,3.15,0.00993,4.31,257.443
nan,45700.0,144.0,43.1,1038.41
nan,7.27,0.0229,2.27,138.018
nan,1.6,0.00505,5.78,174.955
0.07,14.0,0.044,1.38,159.522
nan,5.06,0.0159,3.0,264.213
nan,7.65,0.0241,2.18,181.746
nan,3.26,0.0102,4.21,181.746
nan,3.57,0.0112,3.92,181.746
nan,6.39,0.0201,2.51,311.313
nan,5.9,0.0186,2.66,311.313
nan,6.8,0.0214,2.39,316.819
0.0,135.39558,0.426,1.7,491.87
nan,6.71,0.0211,2.42,405.732
nan,5.22,0.0164,2.93,112.467
nan,5.22,0.0164,2.93,112.467
nan,10.5,0.0329,1.73,517.534
nan,14.5,0.0455,1.34,517.534
nan,4.94,0.0155,3.06,499.891
nan,3.12,0.00982,4.35,72.2
0.0,21.3,0.06702,7.8,513.877
nan,3.12,0.00982,4.35,168.652
nan,5.99,0.0189,2.64,180.697
nan,7.61,0.0239,2.2,738.553
nan,8.7,0.0274,1.98,232.964
nan,5.27,0.0166,2.91,153.192
0.11,1.28,0.00403,5.58,66.4321
0.11,1.65,0.00521,5.81,66.4321
0.11,1.01,0.00317,5.39,66.4321
0.11,2.21,0.00696,5.66,66.4321
nan,6.57,0.0207,2.45,269.183
nan,5.95,0.0187,2.65,377.822
nan,7.61,0.0239,2.2,561.93
nan,8.1,0.0255,2.09,561.93
0.14,603.877,1.9,nan,141.731
nan,13.2,0.0415,1.44,256.011
nan,12.5,0.0394,1.5,403.513
nan,6.39,0.0201,2.51,403.513
nan,4.7,0.0148,3.18,200.802
nan,2.76,0.00869,4.77,200.802
nan,7.04,0.0222,2.33,200.802
0.06,4.54,0.0143,3.26,252.318
0.07,2.08,0.00654,5.94,125.529
0.06,2.8,0.00882,4.72,125.529
nan,6.39,0.0201,2.51,284.876
nan,4.78,0.015,3.14,284.876
0.24,1.01,0.00317,5.39,97.2179
nan,4.5,0.0142,3.28,258.699
nan,44.9,0.141,0.562,491.242
0.26,2.04,0.00642,6.02,110.561
0.15,0.17,0.00053,4.02,86.0386
nan,5.69,0.0179,2.74,82.9631
0.07,7.27,0.0229,2.27,134.188
0.19,2.24,0.00705,5.6,134.188
0.09,1.37,0.0043,5.66,62.5785
0.16,14.3,0.0451,1.35,179.854
0.22,152.5584,0.48,0.702,878.43
0.0,32.2,0.10131,2.15,518.625
0.19,308.2951,0.97,1.05,519.229
0.0099,8654.15,27.23,24.7,268.43
nan,215.80657,0.679,0.308,188.404
0.0007,54.34893,0.171,0.093,99.1596
0.0,301.9385,0.95,0.209,368.03
0.0,408.09372,1.284,0.322,250.121
nan,416.3573,1.31,0.46,226.5
0.0,1074.90106,3.382,0.806,136.426
0.0,1242.7153,3.91,1.24,470.878
0.077,1646.3594,5.18,3.13,96.5173
0.22,165.2716,0.52,0.311,240.726
0.0,441.7837,1.39,0.442,136.681
0.04,209.7678,0.66,0.167,197.572
nan,25.9,0.0816,0.855,1461.15
nan,38.1,0.12,0.637,1215.7
0.0,33.6,0.106,0.704,1274.01
nan,15.8,0.0496,1.26,1072.3
nan,6.35,0.02,2.52,1072.3
0.0,19.2,0.0603,1.08,1594.74
0.34,349.613,1.1,0.733,399.398
0.05561,9.5,0.03,1.29,376.863
0.05724,214.1,0.674,0.429,376.863
0.014,4.6,0.01447,3.69,1131.64
0.0114,9.0,0.02832,7.21,1131.64
0.0,71.0,0.22339,0.56,865.73
0.0,15.0,0.0472,0.51,865.73
0.0,nan,nan,nan,914.699
0.0,2.27,0.00714,5.55,848.254
0.0,1.81,0.0057,5.9,848.254
0.0,8.6,0.0271,2.0,848.254
0.0,7.56,0.0238,2.21,848.254
0.0,8.65,0.0272,1.99,848.254
0.0,254.264,0.8,nan,848.254
0.0,381.396,1.2,nan,848.254
0.496,613.4119,1.93,2.46,921.986
0.0,346.4347,1.09,1.31,262.706
0.06,4.60853,0.0145,8.0,185.506
0.025,7.37,0.02319,3.14,185.506
0.13,7.34,0.023,14.25,304.645
0.02,7.05,0.02218,nan,304.645
0.38,3.0,0.00944,nan,304.645
0.0,20.3,0.0639,1.03,1115.62
0.0,10.1,0.0317,1.78,928.978
0.0,3.11,0.0098,4.35,928.978
0.0,3.57,0.0112,3.92,408.303
0.0,3.82,0.012,3.72,941.902
0.0,32.5,0.102,0.721,1152.68
0.0,2.86,0.00899,4.66,567.806
0.0,2.99,0.0094,4.5,1081.738
0.0,2.67,0.00839,4.91,365.0
0.0,5.35,0.0168,2.88,355.019
0.086,51.1,0.16,1.45,927.981
0.0,3.78,0.01,10.5,927.981
0.0,5.99,0.0189,2.64,579.273
0.0,8.6,0.0271,2.0,736.779
0.0,2.21,0.00696,5.66,411.077
0.0,5.27,0.0166,2.91,422.246
0.0,6.3,0.0198,2.54,624.8
0.0,12.3,0.0388,1.51,739.357
0.0,5.39,0.017,2.86,1402.82
0.0,13.1,0.0413,1.44,1402.82
0.0,4.62,0.0145,3.22,552.058
0.0,7.18,0.0226,2.3,1010.01
0.0,2.73,0.00859,4.82,194.182
0.0,4.3,0.01353,nan,107.796
0.0,3.0,0.00944,nan,107.796
0.0,3.8,0.012,13.27,107.796
0.0,8.93,0.028,4.68,107.796
0.0,5.2,0.01636,nan,107.796
0.0,5.82,0.0183,2.7,415.358
0.0,6.04,0.019,2.62,810.082
0.0,6.17,0.0194,2.58,420.042
0.0,7.41,0.0233,2.24,694.175
0.0,14.5,0.0457,1.33,1087.4
0.0,4.58,0.0144,3.24,803.776
0.0,5.52,0.0174,2.81,351.239
0.0,2.33,0.00733,5.44,607.916
0.0,2.13,0.00669,5.85,366.656
0.03,9.7,0.031,1.38,494.832
0.02,36.1,0.114,1.47,494.832
0.0,6.71,0.0211,2.42,758.702
0.0,0.59,0.00186,4.92,682.882
0.0,4.16,0.0131,3.5,673.01
0.0,6.85,0.0215,2.38,1455.5
0.0,5.73,0.018,2.73,654.549
0.0,1.71,0.00537,5.87,562.116
0.0,9.32,0.0293,1.88,489.435
0.0,2.18,0.00687,5.71,446.914
0.0,12.2,0.0384,1.52,584.136
0.0,2.73,0.00859,4.82,306.91
0.0,4.98,0.0157,3.04,482.119
0.0,8.96,0.0282,1.94,1485.82
0.0,5.43,0.0171,2.84,659.0
0.0,7.04,0.0221,2.33,903.332
0.0,7.61,0.0239,2.2,1278.96
0.0,7.7,0.0242,2.17,942.485
0.0,3.57,0.0112,3.92,721.534
0.0,5.02,0.0158,3.02,817.647
0.0,0.937,0.00295,5.31,817.647
0.0,3.22,0.0101,4.24,556.006
0.0,0.809,0.00254,5.18,162.006
0.47,5.1,0.016,0.252,459.223
0.0,4.6,0.01447,11.2,459.223
0.0,3.19,0.01,4.28,490.488
0.0,2.79,0.00879,4.73,490.488
0.0,11.5,0.0361,1.61,829.343
0.0,8.91,0.028,1.95,943.444
0.0,0.904,0.00284,5.28,151.129
0.0,7.41,0.0233,2.24,1090.51
0.0,2.04,0.00642,6.02,389.397
0.0,9.32,0.0293,1.88,982.51
0.0,11.2,0.0354,1.62,1201.82
0.0,7.85,0.0247,2.14,491.997
0.0,3.64,0.0115,3.86,713.167
0.0,5.3,0.01668,nan,444.322
0.0,10.44,0.033,3.28,444.322
0.0,8.1,0.02549,nan,444.322
0.0,11.17,0.035,3.1,444.322
0.0,6.26,0.0197,2.55,946.565
0.0,4.58,0.0144,3.24,543.375
0.0,3.75,0.0118,3.78,397.455
0.0,3.02,0.00951,4.46,374.0
0.0,13.4,0.0422,1.42,1122.48
0.0,3.19,0.01,4.28,1122.48
0.0,6.17,0.0194,2.58,344.251
0.0,0.437,0.00137,4.69,667.693
0.0,12.8,0.0403,1.47,1473.61
0.0,3.19,0.01,4.28,695.967
0.0,3.51,0.01104,5.3,525.997
0.0,9.39,0.02954,12.65,525.997
0.0,3.8,0.01196,33.1,525.997
0.0,8.6,0.02706,2.0,525.997
0.0,3.64,0.0115,3.86,939.001
0.0,6.26,0.0197,2.55,1042.27
0.0,3.12,0.00982,4.35,982.716
0.0,5.9,0.0186,2.66,809.897
0.0,3.33,0.0105,4.15,809.897
0.0,2.1,0.0066,5.91,250.817
0.0,2.6,0.00819,4.99,291.275
0.0,0.437,0.00137,4.69,199.0
0.0,8.1,0.0255,2.09,1101.42
0.0,4.27,0.0134,3.42,2481.71
0.0,3.29,0.0104,4.17,591.098
0.0,10.8,0.0339,1.68,1382.82
0.0,1.01,0.00317,5.39,420.215
0.0,1.46,0.00459,5.71,739.557
0.0,11.2,0.0354,1.62,902.633
0.0,1.41,0.00444,5.67,405.533
0.0,41.2,0.13,0.602,1364.53
0.0,10.7,0.0337,1.68,1364.53
0.0,0.165,0.00052,3.99,362.623
0.0,2.6,0.00819,4.99,280.629
0.0,4.01,0.0126,3.6,259.328
0.21,7.3,0.02297,nan,474.861
0.03,21.8,0.06859,nan,474.861
0.0,5.69,0.0179,2.74,858.77
0.0,2.73,0.00859,4.82,914.299
0.0,4.94,0.0155,3.06,981.233
0.0,4.46,0.014,3.31,1072.88
0.0,4.5,0.0142,3.28,1072.88
0.0,10.2,0.0322,1.74,1291.01
0.0,1.92,0.00606,5.96,792.522
0.0,2.07,0.00651,5.97,377.976
0.0,10.7,0.0336,1.7,719.802
0.0,2.24,0.00705,5.6,1049.19
0.0,8.4,0.0264,2.04,1022.8
0.045,1.9,0.006,1.72,646.346
0.026,2.9,0.009,0.66,646.346
0.004,7.3,0.023,1.28,646.346
0.012,8.0,0.025,0.58,646.346
0.013,2.0,0.006,0.69,646.346
0.15,25.0,0.079,4.0,646.346
0.0,4.01,0.0126,3.6,586.531
0.0,5.52,0.0174,2.81,586.531
0.0,3.71,0.0117,3.8,693.618
0.0,6.66,0.021,2.43,742.473
0.0,7.56,0.0238,2.21,1246.05
0.0,5.77,0.0182,2.71,1331.92
0.0,2.04,0.00642,6.02,530.658
0.0,4.7,0.0148,3.18,318.004
0.0,3.36,0.0106,4.11,1090.7
0.0,2.36,0.00742,5.39,428.798
0.0,2.73,0.00859,4.82,767.701
0.0,5.43,0.0171,2.84,685.087
0.0,3.12,0.00982,4.35,657.223
0.0,42.0,0.132,0.593,657.223
0.0,7.56,0.0238,2.21,726.828
0.0,4.66,0.0147,3.2,841.536
0.0,9.38,0.0295,1.87,1671.28
0.0,8.3,0.0261,2.06,1073.88
0.0,2.39,0.00752,5.34,418.417
0.0,3.53,0.0111,3.95,983.245
0.0,6.99,0.022,2.34,1008.57
0.0,1.41,0.00444,5.67,568.487
0.0,7.95,0.025,2.12,888.325
0.0,4.35,0.0137,3.38,1757.23
0.0,6.17,0.0194,2.58,513.206
0.0,6.35,0.02,2.52,513.206
0.0,2.48,0.0078,5.19,615.231
0.0,4.31,0.0136,3.4,482.047
0.0,4.82,0.0152,3.12,1230.42
0.0,3.43,0.0108,4.05,704.323
0.0,2.18,0.00687,5.71,289.899
0.0,4.04,0.0127,3.56,2011.41
0.0,3.64,0.0115,3.86,635.736
0.0,4.5,0.0142,3.28,842.459
0.0,12.9,0.0407,1.46,1083.41
0.0,9.06,0.0285,1.92,1183.88
0.0,7.9,0.0249,2.13,1183.88
0.0,11.7,0.037,10.73,262.351
0.0,8.7,0.02737,nan,262.351
0.0,3.15,0.00993,4.31,1030.7
0.0,6.12,0.0193,2.59,867.931
0.0,4.54,0.0143,3.26,753.135
0.0,7.46,0.0235,2.23,944.445
0.0,4.08,0.0128,3.54,1314.64
0.0,3.33,0.0105,4.15,491.406
0.0,5.48,0.0172,2.83,921.778
0.0,3.53,0.0111,3.95,872.328
0.0,1.81,0.0057,5.9,495.156
0.0,6.8,0.021,18.7,259.533
0.0,2.8,0.009,3.76,259.533
0.0,3.9,0.012,1.32,259.533
0.0,8.1,0.0255,2.09,656.48
0.0,0.477,0.0015,4.75,393.642
0.0,2.76,0.00869,4.77,1273.51
0.0,3.43,0.0108,4.05,555.189
0.0,12.6,0.0398,1.48,555.189
0.0,4.62,0.0145,3.22,1140.57
0.0,2.54,0.008,5.09,691.961
0.0,2.04,0.00642,6.02,703.038
0.0,7.32,0.023,2.26,1657.36
0.0,3.5,0.011,3.98,625.692
0.0,2.67,0.00839,4.91,1217.73
0.0,1.32,0.00416,5.6,623.609
0.0,7.27,0.0229,2.27,623.609
0.0,5.56,0.0175,2.79,682.436
0.0,0.59,0.00186,4.92,215.233
0.0,3.64,0.0115,3.86,1119.49
0.0,6.08,0.0191,2.61,1460.1
0.0,6.17,0.0194,2.58,1460.1
0.0,4.78,0.015,3.14,1128.72
0.0,2.3,0.00724,5.5,691.331
0.0,1.32,0.00416,5.6,342.144
0.0,6.08,0.0191,2.61,1484.25
0.0,6.21,0.0195,2.56,1213.71
0.0,11.6,0.0364,1.59,955.168
0.0,5.9,0.0186,2.66,955.168
0.0,5.22,0.0164,2.93,1077.63
0.0,5.18,0.0163,2.95,547.726
0.0,5.52,0.0174,2.81,940.211
0.0,1.08,0.0034,5.43,478.647
0.0,1.46,0.00459,5.71,431.622
0.0,3.02,0.00951,4.46,1575.2
0.0,3.5,0.011,3.98,634.906
0.0,3.57,0.0112,3.92,820.905
0.0,6.8,0.0214,2.39,752.666
0.0,0.779,0.00245,5.15,522.823
0.0493,29.875,0.094,0.3,1455.57
0.0323,584.78,1.84,1.74,1455.57
0.0,6.39,0.0201,2.51,1050.45
0.0,7.08,0.0223,2.32,573.0
0.0,10.3,0.0325,1.73,1306.53
0.0,0.64,0.00201,4.99,377.06
0.0,3.15,0.00993,4.31,1408.75
0.0,9.22,0.029,1.9,1121.89
0.0,6.57,0.0207,2.45,864.699
0.0,4.27,0.0134,3.42,1299.97
0.0,1.24,0.0039,5.56,482.287
0.0,2.3,0.00724,5.5,415.205
0.0,4.5,0.0142,3.28,574.228
0.0,45.7,0.144,0.554,574.228
0.0,4.62,0.0145,3.22,1596.8
0.0,3.09,0.00972,4.39,938.417
0.0,6.39,0.0201,2.51,1545.39
0.0,8.35,0.0263,2.05,1919.19
0.0,7.65,0.0241,2.18,1157.84
0.0,2.33,0.00733,5.44,459.273
0.0,5.6,0.0176,2.77,1337.25
0.0,7.32,0.023,2.26,1020.53
0.0,4.98,0.0157,3.04,1717.48
0.0,3.78,0.0119,3.75,782.852
0.0,12.6,0.0398,1.48,701.996
0.0,0.721,0.00227,5.09,701.996
0.0,2.33,0.00733,5.44,342.509
0.0,2.89,0.00909,4.61,955.536
0.0,6.17,0.0194,2.58,1304.19
0.0,2.3,0.00724,5.5,802.116
0.0,2.89,0.00909,4.61,757.382
0.0,4.98,0.0157,3.04,918.566
0.0,5.6,0.0176,2.77,922.333
0.0,2.1,0.0066,5.91,486.94
0.0,2.76,0.00869,4.77,743.03
0.0,1.6,0.00505,5.78,563.493
0.0,137.30256,0.432,0.11,881.386
0.0,8.5,0.027,4.7,388.63
0.0,2.96,0.0093,4.54,388.63
0.0,1.2,0.00377,5.54,588.715
0.0,5.86,0.0184,2.68,944.241
0.0,8.96,0.0282,1.94,1175.38
0.0,1.2,0.00377,5.54,317.022
0.0,9.53,0.03,1.85,1175.22
0.0,2.57,0.00809,5.04,698.485
0.0,3.33,0.0105,4.15,762.019
0.0,3.26,0.0102,4.21,1754.19
0.0,5.99,0.0189,2.64,825.176
0.0,2.89,0.00909,4.61,505.531
0.0,6.08,0.0191,2.61,510.523
0.0,5.77,0.0182,2.71,510.523
0.0,3.53,0.0111,3.95,1176.53
0.0,7.04,0.0221,2.33,1826.53
0.0,5.22,0.0164,2.93,1316.57
0.0,1.81,0.0057,5.9,807.812
0.0,6.17,0.0194,2.58,729.227
0.0,1.98,0.00624,5.99,661.022
0.0,2.51,0.0079,5.14,1258.36
0.0,4.62,0.0145,3.22,1347.71
0.0,2.67,0.00839,4.91,840.503
0.0,5.14,0.0162,2.96,880.895
0.0,6.08,0.0191,2.61,1027.45
0.0,29.0,0.0912,0.788,1027.45
0.0,5.48,0.0172,2.83,1027.45
0.0,27.7,0.087,8.66,1027.45
0.0,2.92,0.0092,4.57,961.907
0.0,4.19,0.0132,3.47,913.65
0.0,0.418,0.00131,4.66,415.218
0.0,1.98,0.00624,5.99,459.957
0.0,2.33,0.00733,5.44,559.598
0.0,3.97,0.0125,3.62,1347.52
0.0,2.7,0.00849,4.87,1125.72
0.0,5.86,0.0184,2.68,623.706
0.0,2.99,0.0094,4.5,515.453
0.0,2.54,0.008,5.09,265.482
0.0,55.3,0.174,12.0,1021.66
0.0,2.79,0.00879,4.73,1021.66
0.0,7.8,0.0245,2.15,1364.22
0.0,2.6,0.00819,4.99,987.237
0.0,4.38,0.0138,3.35,632.865
0.0,7.27,0.0229,2.27,1178.7
0.0,8.3,0.0261,2.06,916.749
0.0,0.418,0.00131,4.66,540.604
0.0,5.22,0.0164,2.93,999.64
0.0,8.55,0.0269,2.01,1064.31
0.0,4.38,0.0138,3.35,1632.13
0.0,8.75,0.0275,1.97,2140.6
0.0,0.315,0.00099,4.45,420.046
0.0,3.71,0.0117,3.8,420.046
0.0,1.41,0.00444,5.67,420.046
0.0,1.6,0.00505,5.78,862.186
0.0,7.41,0.0233,2.24,968.722
0.0,5.73,0.018,2.73,687.615
0.0,3.71,0.0117,3.8,758.17
0.0,2.39,0.00752,5.34,1075.81
0.0,2.67,0.00839,4.91,805.936
0.0,2.67,0.00839,4.91,805.936
0.0,2.42,0.00761,5.29,436.505
0.0,6.04,0.019,2.62,1045.92
0.0,1.76,0.00553,5.89,593.026
0.0,6.26,0.0197,2.55,1904.54
0.0,6.21,0.0195,2.56,183.365
0.0,0.33,0.00104,4.47,183.365
0.0,4.35,0.0137,3.38,2126.85
0.0,4.04,0.0127,3.56,902.204
0.0,3.43,0.0108,4.05,648.979
0.0,2.33,0.00733,5.44,514.524
0.0,3.02,0.00951,4.46,622.818
0.0,2.24,0.00705,5.6,622.818
0.0,2.27,0.00714,5.55,622.818
0.0,5.99,0.0189,2.64,1617.07
0.0,2.83,0.00889,4.7,891.192
0.0,2.92,0.0092,4.57,1105.95
0.0,0.566,0.00178,4.89,717.555
0.0,2.63,0.00829,4.94,805.562
0.07,2.92,0.0092,4.57,237.401
0.19,3.12,0.00982,4.35,237.401
0.02,6.8,0.0214,2.39,237.401
0.0,3.78,0.0119,3.75,1734.43
0.0,5.73,0.018,2.73,744.294
0.0,3.97,0.0125,3.62,1054.87
0.0,1.55,0.00489,5.75,664.83
0.0,1.76,0.00553,5.89,801.993
0.0,2.39,0.00752,5.34,583.641
0.0,7.18,0.0226,2.3,849.312
0.0,9.32,0.0293,1.88,1379.43
0.0,4.78,0.015,3.14,1840.77
0.0,3.29,0.0104,4.17,1097.23
0.47,2.54,0.008,5.09,352.794
0.03,7.56,0.0238,2.21,352.794
0.03,7.46,0.0235,2.23,352.794
0.0,11.0,0.0346,1.65,1095.05
0.0,2.79,0.00879,4.73,831.991
0.0,6.21,0.0195,2.56,1206.37
0.0,6.76,0.0213,2.41,1114.24
0.0,2.6,0.00819,4.99,614.648
0.0,2.79,0.00879,4.73,1153.98
0.0,1.81,0.0057,5.9,538.481
0.0,3.19,0.01,4.28,557.193
0.0,1.01,0.00317,5.39,889.426
0.0,3.71,0.0117,3.8,1494.22
0.0,0.77,0.00242,1.46,396.379
0.0,0.9,0.00283,2.07,396.379
0.0,4.16,0.0131,3.5,1486.7
0.0,3.33,0.0105,4.15,1090.0
0.0,3.02,0.00951,4.46,1103.29
0.0,4.31,0.0136,3.4,2921.99
0.0,1.92,0.00606,5.96,882.324
0.0,0.871,0.00274,5.24,422.269
0.0,5.27,0.0166,2.91,1354.46
0.0,2.99,0.0094,4.5,1003.26
0.0,1.46,0.00459,5.71,814.078
0.0,2.92,0.0092,4.57,1053.57
0.01,6.21,0.0195,2.56,408.845
0.2,7.04,0.0221,2.33,408.845
0.0,2.6,0.00819,4.99,1593.7
0.0,3.39,0.0107,4.07,897.352
0.0,3.97,0.0125,3.62,1493.43
0.0,0.871,0.00274,5.24,1028.16
0.0,10.3,0.0324,1.74,1855.7
0.0,3.02,0.00951,4.46,1174.46
0.0,0.693,0.00218,5.05,1551.54
0.0,0.871,0.00274,5.24,1439.47
0.0,2.27,0.00714,5.55,544.163
0.0,9.17,0.0288,1.9,1404.94
0.0,2.45,0.00771,5.24,777.025
0.0,2.54,0.008,5.09,854.28
0.0,2.63,0.00829,4.94,634.58
0.0,2.6,0.00819,4.99,897.783
0.0,5.86,0.0184,2.68,2176.08
0.0,4.19,0.0132,3.47,1575.23
0.0,4.31,0.0136,3.4,1107.5
0.0,6.66,0.021,2.43,1014.62
0.0,0.0933,0.00029,3.65,112.705
0.0,6.21,0.0195,2.56,845.0
0.0,16.13,0.051,6.0,228.678
0.0,8.25,0.026,77.7,228.678
0.0,2.67,0.00839,4.91,569.185
0.0,2.07,0.00651,5.97,866.331
0.0,1.98,0.00624,5.99,866.331
0.0,5.06,0.0159,3.0,299.104
0.0,3.75,0.0118,3.78,174.234
0.0,22.9,0.072,0.943,141.9868506
0.0,2.48,0.0078,5.19,480.869
0.0,12.3,0.0386,1.52,800.871
0.0,3.05,0.00961,4.41,728.303
0.0,9.85,0.031,1.8,475.248
0.0,3.53,0.0111,3.95,647.424
0.0,21.5,0.0676,0.992,769.146
0.0,6.35,0.02,2.52,769.146
0.0,3.22,0.0101,4.24,1350.32
0.0,2.92,0.0092,4.57,465.417
0.0,2.89,0.00909,4.61,481.667
0.0,8.55,0.0269,2.01,973.368
0.0,16.3,0.0512,1.23,698.326
0.0,3.89,0.0123,3.67,678.069
0.0,0.904,0.00284,5.28,813.543
0.0,5.35,0.0168,2.88,588.037
0.0,3.75,0.0118,3.78,653.6
0.0,8.45,0.0266,2.03,653.6
0.0,3.36,0.0106,4.11,1720.48
0.0,1.16,0.00364,5.51,319.197
0.0,2.45,0.00771,5.24,528.685
0.0,8.3,0.0261,2.06,932.446
0.0,5.86,0.0184,2.68,1223.04
0.0,2.7,0.00849,4.87,621.853
0.0,4.58,0.0144,3.24,1126.64
0.0,3.57,0.0112,3.92,1126.64
0.0,6.39,0.0201,2.51,601.629
0.0,0.721,0.00227,5.09,753.26
0.0,0.285,0.0009,4.38,371.049
0.0,4.66,0.0147,3.2,334.797
0.0,2.13,0.00669,5.85,334.797
0.0,3.02,0.00951,4.46,981.779
0.0,3.39,0.0107,4.07,890.724
0.0,4.38,0.0138,3.35,1756.71
0.0,4.04,0.0127,3.56,853.959
0.0,6.17,0.0194,2.58,1355.02
0.0,3.12,0.00982,4.35,843.701
0.0,1.08,0.0034,5.43,321.0
0.0,4.42,0.0139,3.33,1213.82
0.0,0.271,0.00085,4.34,276.323
0.0,3.93,0.0124,3.64,621.855
0.0,1.65,0.00521,5.81,621.855
0.0,6.9,0.0217,2.37,340.691
0.0,3.64,0.0115,3.86,340.691
0.0,0.208,0.00065,4.16,202.782
0.0,0.64,0.00201,4.99,670.829
0.0,3.89,0.0123,3.67,593.384
0.0,9.11,0.0287,1.91,1119.45
0.0,2.73,0.00859,4.82,911.269
0.0,2.96,0.0093,4.54,845.228
0.0,2.18,0.00687,5.71,1015.69
0.0,1.46,0.00459,5.71,546.998
0.0,8.4,0.0264,2.04,614.859
0.0,11.5,0.0361,1.61,1516.27
0.0,0.566,0.00178,4.89,389.143
0.0,7.27,0.0229,2.27,731.298
0.0,2.1,0.0066,5.91,541.714
0.0,5.27,0.0166,2.91,1056.9
0.0,0.721,0.00227,5.09,840.128
0.0,0.437,0.00137,4.69,840.128
0.0,2.63,0.00829,4.94,465.826
0.0,0.721,0.00227,5.09,401.484
0.0,3.36,0.0106,4.11,1635.82
0.0,7.7,0.0242,2.17,1236.56
0.0,2.76,0.00869,4.77,302.979
0.0,4.19,0.0132,3.47,302.979
0.0,4.04,0.0127,3.56,1004.1
0.0,2.15,0.00678,5.77,1004.1
0.0,0.315,0.00099,4.45,515.334
0.0,0.196,0.00062,4.11,515.334
0.0,2.15,0.00678,5.77,1303.22
0.0,1.65,0.00521,5.81,1699.46
0.0,5.86,0.0184,2.68,1078.46
0.0,3.68,0.0116,3.84,1430.84
0.0,1.16,0.00364,5.51,868.056
0.0,2.1,0.0066,5.91,1146.1
0.0,5.48,0.0172,2.83,506.434
0.0,2.24,0.00705,5.6,971.325
0.006,0.066,0.00021,2.6,66.8624
0.011,1.97,0.0062,6.2,66.8624
0.027,0.64,0.00201,2.1,66.8624
0.0,2.63,0.00829,4.94,2462.94
0.0,5.69,0.0179,2.74,1197.04
0.0,4.19,0.0132,3.47,738.261
0.0,2.57,0.00809,5.04,1027.21
0.0,4.42,0.0139,3.33,618.0
0.0,0.543,0.00171,4.86,688.795
0.0,2.07,0.00651,5.97,835.882
0.0,0.749,0.00236,5.12,455.358
0.0,7.22,0.0227,2.28,453.795
0.0,5.73,0.018,2.73,453.795
0.0,8.55,0.0269,2.01,453.795
0.0,6.62,0.0208,2.44,453.795
0.0,3.78,0.0119,3.75,497.093
0.0,8.96,0.0282,1.94,391.038
0.0,11.4,0.0357,1.62,391.038
0.0,1.76,0.00553,5.89,723.431
0.0,3.46,0.0109,4.01,1038.35
0.0,4.5,0.0142,3.28,1117.0
0.0,0.437,0.00137,4.69,544.456
0.0,2.51,0.0079,5.14,640.409
0.0,0.437,0.00137,4.69,492.894
0.0,4.94,0.0155,3.06,1066.46
0.0,3.61,0.0113,3.9,1198.25
0.0,0.666,0.0021,5.02,852.204
0.0,1.08,0.0034,5.43,852.204
0.0,2.1,0.0066,5.91,1385.7
0.0,3.22,0.0101,4.24,583.859
0.0,3.89,0.0123,3.67,583.859
0.0,3.26,0.0102,4.21,752.237
0.0,3.46,0.0109,4.01,1425.43
0.0,0.363,0.00114,4.54,1493.64
0.0,5.22,0.0164,2.93,2163.9
0.0,4.7,0.0148,3.18,962.183
0.0,14.9,0.0467,1.32,1530.3
0.0,1.37,0.0043,5.66,572.403
0.0,5.69,0.0179,2.74,1396.41
0.0,0.64,0.00201,4.99,535.048
0.0,1.12,0.00352,5.47,694.89
0.0,0.257,0.00081,4.3,301.183
0.0,2.57,0.00809,5.04,301.183
0.0,3.82,0.012,3.72,367.0
0.0,8.35,0.0263,2.05,1660.48
0.0,0.498,0.00157,4.79,755.678
0.0,3.97,0.0125,3.62,1167.49
0.0,2.04,0.00642,6.02,570.835
0.0,2.21,0.00696,5.66,1043.56
0.0,0.615,0.00193,4.96,949.59
0.0,0.972,0.00306,5.34,991.845
0.0,3.39,0.0107,4.07,499.0
0.0,8.55,0.0269,2.01,1498.58
0.0,4.62,0.0145,3.22,548.686
0.0,8.55,0.0269,2.01,548.686
0.0,5.31,0.0167,2.9,548.686
0.0,2.18,0.00687,5.71,1054.37
0.0,0.749,0.00236,5.12,783.401
0.0,4.74,0.0149,3.16,2465.84
0.0,1.2,0.00377,5.54,449.0
0.0,1.65,0.00521,5.81,661.421
0.0,0.779,0.00245,5.15,863.873
0.0,3.05,0.00961,4.41,1697.81
0.0,1.37,0.0043,5.66,1220.0
0.0,3.33,0.0105,4.15,1530.32
0.0,2.21,0.00696,5.66,1214.09
0.0,6.39,0.0201,2.51,809.467
0.0,11.3,0.0355,1.62,809.467
0.0,1.76,0.00553,5.89,875.523
0.0,2.76,0.00869,4.77,1623.24
0.0,5.56,0.0175,2.79,2171.87
0.0,3.05,0.00961,4.41,1328.0
0.0,1.41,0.00444,5.67,775.529
0.0,0.566,0.00178,4.89,704.211
0.0,2.27,0.00714,5.55,2530.62
0.0,2.45,0.00771,5.24,2101.69
0.0,0.779,0.00245,5.15,1154.13
0.0,2.73,0.00859,4.82,225.393
0.0,2.33,0.00733,5.44,384.917
0.0,2.39,0.00752,5.34,384.917
0.0,2.13,0.00669,5.85,1115.35
0.0,2.27,0.00714,5.55,1110.48
0.0,14.7,0.0461,1.33,608.68
0.0,0.871,0.00274,5.24,593.646
0.0,5.39,0.017,2.86,319.675
0.0,0.84,0.00264,5.22,506.357
0.0,0.477,0.0015,4.75,152.075
0.0,8.75,0.0275,1.97,890.296
0.0,3.22,0.0101,4.24,768.903
0.0,3.46,0.0109,4.01,2006.48
0.43,37.1,0.117,11.0,566.85
0.11,79.4,0.25,5.41,566.85
0.0,3.57,0.0112,3.92,505.829
0.0,11.2,0.0352,1.64,1058.72
0.0,7.75,0.0244,2.16,996.32
0.0,7.61,0.0239,2.2,1196.04
0.0,4.19,0.0132,3.47,780.566
0.0,5.31,0.0167,2.9,357.621
0.0,1.55,0.00489,5.75,370.312
0.0,4.62,0.0145,3.22,889.885
0.0,8.05,0.0253,2.1,544.45
0.0,2.42,0.00761,5.29,455.479
0.0,13.3,0.0418,1.43,716.797
0.0,9.96,0.0313,1.78,716.797
0.0,4.5,0.0142,3.28,553.218
0.0,4.78,0.015,3.14,679.106
0.0,14.0,0.044,1.38,1017.82
0.0,4.12,0.013,3.52,1687.47
0.0,3.39,0.0107,4.07,1151.73
0.0,0.972,0.00306,5.34,1151.73
0.0,3.78,0.0119,3.75,359.497
0.0,3.02,0.00951,4.46,631.949
0.0,10.9,0.0343,1.67,852.888
0.0,3.64,0.0115,3.86,1899.24
0.0,1.6,0.00505,5.78,1899.24
0.0,8.25,0.0259,2.07,1159.3
0.0,2.96,0.0093,4.54,1042.02
0.0,6.48,0.0204,2.48,1042.02
0.0,1.24,0.0039,5.56,590.601
0.0,2.57,0.00809,5.04,978.678
0.0,4.27,0.0134,3.42,1479.14
0.0,1.81,0.0057,5.9,652.253
0.0,5.31,0.0167,2.9,1180.9
0.0,8.85,0.0279,1.95,1568.38
0.0,3.43,0.0108,4.05,1002.74
0.0,1.76,0.00553,5.89,680.828
0.0,3.64,0.0115,3.86,1845.58
0.0,4.01,0.0126,3.6,728.668
0.0,3.89,0.0123,3.67,791.163
0.0,12.6,0.0398,1.48,791.163
0.0,56.3,0.177,0.473,791.163
0.0,2.04,0.00642,6.02,459.076
0.0,1.01,0.00317,5.39,567.556
0.0,2.92,0.0092,4.57,1273.78
0.0,5.1,0.016,2.98,2879.83
0.0,2.76,0.00869,4.77,615.66
0.0,5.99,0.0189,2.64,1769.14
0.0,5.18,0.0163,2.95,1014.62
0.0,4.12,0.013,3.52,905.825
0.0,3.78,0.0119,3.75,1283.05
0.0,16.5,0.0519,1.22,571.034
0.0,3.22,0.0101,4.24,571.034
0.0,14.9,0.0467,1.32,571.034
0.0,9.48,0.0298,1.85,862.92
0.0,2.89,0.00909,4.61,2065.59
0.0,2.83,0.00889,4.7,331.553
0.0,2.57,0.00809,5.04,555.051
0.0,9.64,0.0303,1.83,1285.48
0.0,8.96,0.0282,1.94,1355.54
0.0,5.56,0.0175,2.79,1307.66
0.0,3.39,0.0107,4.07,1122.0
0.0,2.33,0.00733,5.44,740.0
0.0,1.81,0.0057,5.9,309.869
0.06,209.76,0.66,0.93,739.412
0.0,2.1,0.0066,5.91,891.092
0.0,13.2,0.0415,1.44,891.092
0.0,8.2,0.0258,2.07,891.092
0.0,9.91,0.0312,1.79,891.092
nan,12.9,0.0405,1.47,891.092
0.0,1.87,0.00588,5.95,1217.82
0.0,3.05,0.00961,4.41,749.06
0.0,10.2,0.0322,1.74,1514.02
0.0,5.77,0.0182,2.71,1225.57
0.0,5.18,0.0163,2.95,2435.94
0.0,0.749,0.00236,5.12,495.148
0.0,2.3,0.00724,5.5,2366.02
0.0,0.52,0.00164,4.82,320.478
0.0,2.33,0.00733,5.44,1260.28
0.0,4.08,0.0128,3.54,2002.96
0.0,9.59,0.0302,1.84,649.919
0.0,5.02,0.0158,3.02,649.919
0.0,11.2,0.0354,1.62,1696.25
0.0,3.46,0.0109,4.01,1475.6
0.0,1.76,0.00553,5.89,162.0
0.0,53.9,0.17,0.489,349.247
0.401,1678.1424,5.28,4.82,397.292
0.32,1.74,0.00546,5.88,397.292
0.0,66.2,0.208,0.418,539.321
0.0,3.71,0.0117,3.8,1358.95
0.0,68.7,0.216,0.406,847.299
0.0,9.53,0.03,1.85,903.51
0.0,39.6,0.125,0.618,1441.63
0.0,8.2,0.0258,2.07,441.09
0.0,6.3,0.0198,2.54,441.09
0.0,28.1,0.0885,0.804,607.917
0.0,6.8,0.0214,2.39,206.983
0.0,3.64,0.0115,3.86,814.125
0.0,3.12,0.00982,4.35,865.596
0.0,12.3,0.0386,1.52,381.773
0.0,0.693,0.00218,5.05,382.989
0.0,6.48,0.0204,2.48,555.574
0.0,20.4,0.0641,1.03,1842.13
0.0,2.73,0.00859,4.82,817.534
0.0,5.06,0.0159,3.0,661.014
0.0,8.85,0.0279,1.95,459.368
0.0,6.94,0.0218,2.35,459.368
0.0,3.33,0.0105,4.15,489.876
0.0,3.36,0.0106,4.11,489.876
0.0,1.41,0.00444,5.67,666.334
0.0,2.39,0.00752,5.34,798.246
0.0,11.8,0.0372,1.57,966.801
0.0,4.23,0.0133,3.44,1107.0
0.0,7.04,0.0221,2.33,897.733
0.0,10.0,0.0315,1.77,387.248
0.0,1.76,0.00553,5.89,517.292
0.0,8.35,0.0263,2.05,1125.3
0.0,7.75,0.0244,2.16,748.326
0.0,5.73,0.018,2.73,915.212
0.0,9.01,0.0283,1.93,915.212
0.0,14.1,0.0444,1.37,915.212
0.0,2.86,0.00899,4.66,915.212
0.0,2.86,0.00899,4.66,915.212
0.0,1.65,0.00521,5.81,416.692
0.0,0.363,0.00114,4.54,399.114
0.0,0.208,0.00065,4.16,399.114
0.0,0.59,0.00186,4.92,399.114
0.0,0.363,0.00114,4.54,399.114
0.0,7.8,0.0245,2.15,921.784
0.0,3.82,0.012,3.72,335.09
0.0,7.75,0.0244,2.16,729.964
0.0,9.96,0.0313,1.78,931.956
0.0,0.666,0.0021,5.02,674.695
0.0,7.46,0.0235,2.23,872.279
0.0,7.13,0.0224,2.31,803.052
0.0,5.02,0.0158,3.02,293.499
0.0,5.65,0.0178,2.76,293.499
0.0,9.38,0.0295,1.87,1179.01
0.0,7.56,0.0238,2.21,1463.72
0.0,6.66,0.021,2.43,769.096
0.0,1.6,0.00505,5.78,692.594
0.0,8.75,0.0275,1.97,946.847
0.0,3.22,0.0101,4.24,2013.27
0.0,4.5,0.0142,3.28,944.54
0.0,2.96,0.0093,4.54,1380.16
0.0,0.244,0.00077,4.26,325.737
0.0,0.299,0.00094,4.4,614.827
0.0,5.9,0.0186,2.66,443.483
0.0,7.04,0.0221,2.33,443.483
0.0,0.64,0.00201,4.99,502.497
0.0,1.32,0.00416,5.6,839.076
0.0,12.3,0.0388,1.51,2060.72
0.0,0.347,0.00109,4.52,616.697
0.0,2.76,0.00869,4.77,908.805
0.0,1.81,0.0057,5.9,629.93
0.0,0.418,0.00131,4.66,466.586
0.0,7.9,0.0249,2.13,1206.11
0.0,2.24,0.00705,5.6,916.313
0.0,3.46,0.0109,4.01,945.454
0.0,2.3,0.00724,5.5,773.713
0.0,5.65,0.0178,2.76,773.713
0.0,2.73,0.00859,4.82,773.713
0.0,1.24,0.0039,5.56,918.995
0.0,2.92,0.0092,4.57,675.303
0.0,0.779,0.00245,5.15,946.602
0.0,1.87,0.00588,5.95,1455.36
0.0,2.21,0.00696,5.66,1384.16
0.0,2.27,0.00714,5.55,1246.92
0.0,1.12,0.00352,5.47,460.91
0.0,1.51,0.00474,5.75,510.029
0.0,1.12,0.00352,5.47,1064.05
0.0,0.52,0.00164,4.82,466.0
0.0,5.14,0.0162,2.96,315.177
0.0,4.27,0.0134,3.42,315.177
0.0,5.1,0.016,2.98,1002.02
0.0,0.437,0.00137,4.69,493.175
0.0,2.83,0.00889,4.7,78.8906
0.0,0.156,0.00049,3.97,403.933
0.0,3.22,0.0101,4.24,1416.31
0.0,3.86,0.0121,3.7,944.465
0.0,2.92,0.0092,4.57,552.55
0.0,2.33,0.00733,5.44,1026.48
0.0,0.363,0.00114,4.54,924.141
0.0,1.32,0.00416,5.6,1513.14
0.0,6.26,0.0197,2.55,373.744
0.0,11.5,0.0363,1.59,373.744
0.0,1.55,0.00489,5.75,771.152
0.0,2.15,0.00678,5.77,1419.58
0.0,2.99,0.0094,4.5,1639.47
0.0,10.2,0.032,1.76,638.249
0.0,1.2,0.00377,5.54,976.868
0.0,2.04,0.00642,6.02,845.022
0.0,4.27,0.0134,3.42,2146.23
0.0,1.2,0.00377,5.54,1221.05
0.0,0.809,0.00254,5.18,619.862
0.0,3.26,0.0102,4.21,1328.2
0.0,3.59,0.0113,3.91,937.013
0.0,13.6,0.0428,1.41,937.013
0.0,9.96,0.0313,1.78,1030.81
0.0,0.477,0.0015,4.75,644.456
0.0,2.36,0.00742,5.39,629.804
0.0,2.21,0.00696,5.66,2712.58
0.0,2.57,0.00809,5.04,541.189
0.0,1.28,0.00403,5.58,546.23
0.0,4.94,0.0155,3.06,831.287
0.0,0.721,0.00227,5.09,1286.1
0.0,3.64,0.0115,3.86,832.0
0.0,5.56,0.0175,2.79,1826.04
0.0,12.1,0.038,6.98,434.632
0.0,11.8,0.037,7.53,434.632
0.0,3.22,0.0101,4.24,864.331
0.0,0.457,0.00144,4.73,908.444
0.0,1.08,0.0034,5.43,764.726
0.0,4.98,0.0157,3.04,1508.33
0.0,2.83,0.00889,4.7,1191.19
0.0,4.9,0.0154,3.08,1393.83
0.0,1.04,0.00328,5.39,1137.81
0.0,1.87,0.00588,5.95,898.31
0.0,2.13,0.00669,5.85,1229.25
0.0,0.363,0.00114,4.54,734.85
0.0,2.13,0.00669,5.85,855.641
0.0,9.43,0.0297,1.86,855.641
0.0,3.22,0.0101,4.24,895.069
0.0,5.31,0.0167,2.9,1631.66
0.0,2.76,0.00869,4.77,796.477
0.0,2.27,0.00714,5.55,837.481
0.0,27.6,0.0867,0.819,258.979
0.0,30.6,0.0962,0.756,2310.11
0.0,4.74,0.0149,3.16,1368.83
0.0,13.2,0.0415,1.44,317.437
0.0,33.8,0.106,0.699,352.0
0.0,0.381,0.0012,4.59,336.09
0.0,1.16,0.00364,5.51,689.814
0.0,5.73,0.018,2.73,689.814
0.0,5.43,0.0171,2.84,331.213
0.0,2.39,0.00752,5.34,1305.99
0.0,6.66,0.021,2.43,716.76
0.0,3.12,0.00982,4.35,1114.91
0.0,10.3,0.0324,1.74,617.339
0.0,12.9,0.0405,1.47,1069.45
0.0,10.5,0.0331,1.71,1947.54
0.0,0.64,0.00201,4.99,567.187
0.0,4.16,0.0131,3.5,1525.52
0.0,7.18,0.0226,2.3,1031.31
0.0,2.57,0.00809,5.04,890.758
0.0,7.9,0.0249,2.13,890.758
0.0,6.57,0.0207,2.45,890.758
0.0,20.7,0.0652,1.02,1859.78
0.0,9.85,0.031,1.8,860.37
0.0,9.01,0.0283,1.93,860.37
0.0,10.3,0.0325,1.73,413.873
0.0,7.56,0.0238,2.21,413.873
0.0,5.9,0.0186,2.66,341.774
0.0,4.19,0.0132,3.47,629.27
0.0,3.82,0.012,3.72,1202.47
0.0,2.04,0.00642,6.02,127.591
0.0,1.03,0.00325,5.38,92.1913
0.0,1.2,0.00377,5.54,92.1913
0.0,5.99,0.0189,2.64,560.885
0.0,5.6,0.0176,2.77,560.885
0.01,0.84,0.00264,5.22,134.397
0.0,3.19,0.01,4.28,252.0
0.0,5.35,0.0168,2.88,755.0
0.26,158.915,0.5,1.2,568.117
0.0,5.0,0.01573,2.5,213.26
0.836,48.6,0.15291,2.13,185.875
0.0628,1868.8404,5.88,6.36,788.238
0.0,5.77,0.0182,2.71,603.53
0.0,6.26,0.0197,2.55,603.53
0.0,3.64,0.0115,3.86,603.53
0.0,10.9,0.0344,1.66,337.926
0.0,9.45,0.0297,1.86,626.691
0.0,8.44,0.0266,2.03,335.515
0.0,8.66,0.0273,1.99,1379.37
0.0,10.5,0.0332,1.7,1379.37
0.0,9.19,0.0289,1.9,626.819
0.0,17.4,0.0548,1.16,1335.64
0.0,8.15,0.0256,2.08,543.444
0.0,11.2,0.0353,1.63,2065.98
0.0,2.32,0.00729,5.47,357.059
0.0,9.11,0.0287,1.91,391.181
0.0,8.93,0.0281,1.94,727.187
0.0,10.4,0.0326,1.73,1012.48
0.0,9.93,0.0313,1.79,651.117
0.0,11.3,0.0357,1.61,nan
0.0,7.76,0.0244,2.16,735.369
0.0,10.9,0.0344,1.66,847.339
0.0,4.93,0.0155,3.06,909.28
0.0,2.73,0.00859,4.82,1343.6
0.0,7.7,0.0242,2.17,1343.6
0.0,2.42,0.00761,5.29,310.315
0.0,7.05,0.0222,2.33,758.3
0.0,8.7,0.0274,1.98,1159.85
0.0,4.17,0.0131,3.48,733.143
0.0,8.6,0.0271,2.0,621.996
0.0,7.16,0.0225,2.3,1141.89
0.0,2.62,0.00825,4.97,729.823
0.0,3.38,0.0106,4.09,417.014
0.0,2.13,0.0067,5.83,567.4468709
0.0,0.799,0.00251,5.17,294.122
0.0,1.51,0.00474,5.75,406.529
0.0,1.92,0.00606,5.96,406.529
0.0,2.1,0.0066,5.91,406.529
0.0,5.48,0.0172,2.83,406.529
0.0,7.18,0.0226,2.3,406.529
0.0,8.3,0.0261,2.05,703.789
0.0,4.02,0.0127,3.58,1267.67
0.0,1.42,0.00447,5.68,591.019
0.0,2.21,0.00695,5.67,760.065
0.0,1.76,0.00553,5.89,513.329
0.0,1.46,0.00458,5.72,791.175
0.0,8.29,0.0261,2.05,1506.36
0.0,2.12,0.00668,5.83,247.771
0.0,1.25,0.00394,5.56,222.345
0.0,3.08,0.00968,4.4,818.759
0.011,778.65,2.45,1.35,720.753
0.0,82.6,0.26,13.9,738.657
0.0,8.55,0.0269,2.01,738.657
0.0,8.76,0.0276,1.97,717.597
0.0,5.57,0.0175,2.79,584.142
0.0,3.2,0.0101,4.28,857.14
0.0,6.08,0.0191,2.61,863.855
0.0,7.08,0.0223,2.32,863.855
0.0,4.23,0.0133,3.44,863.855
0.0,6.12,0.0193,2.59,828.592
0.0,8.55,0.0269,2.01,828.592
0.0,5.69,0.0179,2.74,828.592
0.0,8.05,0.0253,2.1,828.592
0.0,2.21,0.00696,5.66,833.165
0.0,6.48,0.0204,2.48,833.165
0.0,4.5,0.0142,3.28,384.757
0.0,2.83,0.00889,4.7,384.757
0.0,5.43,0.0171,2.84,384.757
0.0,7.08,0.0223,2.32,1312.34
0.0,9.8,0.0308,1.81,1312.34
0.0,2.63,0.00829,4.94,527.321
0.0,23.0,0.072,7.19,527.321
0.0,15.2,0.048,5.28,527.321
0.0,2.7,0.00849,4.87,527.321
0.0,5.84,0.01837,0.75,1435.44
0.0,14.7,0.04625,0.121,1435.44
0.0,8.75,0.0275,1.97,716.025
0.0,8.65,0.0272,1.99,716.025
0.0,14.8,0.0465,1.32,716.025
0.0,3.33,0.0105,4.15,605.68
0.0,4.66,0.0147,3.2,605.68
0.0,6.9,0.022,4.9,433.047
0.0,17.3,0.054,0.59,433.047
0.0,16.4,0.052,0.27,433.047
0.0,2.86,0.00899,4.66,695.65
0.0,9.32,0.0293,1.88,695.65
0.0,2.15,0.00678,5.77,609.283
0.0,4.62,0.0145,3.22,609.283
0.0,7.18,0.0226,2.3,1549.09
0.0,11.6,0.0366,1.58,1549.09
0.0,4.9,0.0154,3.08,1050.64
0.0,35.7,0.112,16.8,1050.64
0.0,6.17,0.0194,2.58,610.326
0.0,8.8,0.028,6.32,610.326
0.0,6.76,0.0213,2.41,610.326
0.0,1.71,0.00537,5.87,466.735
0.0,4.74,0.0149,3.16,466.735
0.0,1.24,0.0039,5.56,177.594
0.0,2.1,0.0066,5.91,177.594
0.0,2.54,0.008,5.09,177.594
0.0,2.15,0.00678,5.77,177.594
0.04,1.71,0.00537,5.87,177.594
0.0,2.57,0.00809,5.04,1143.0
0.0,7.61,0.0239,2.2,1143.0
0.0,3.46,0.0109,4.01,968.544
0.0,10.3,0.0324,1.74,968.544
0.0,1.92,0.00606,5.96,591.534
0.0,22.7,0.071,9.25,591.534
0.12,8.4,0.02643,10.4,218.562
0.0,3.05,0.00961,4.41,433.387
0.0,2.73,0.00859,4.82,433.387
0.0,2.36,0.00742,5.39,594.464
0.0,4.12,0.013,3.52,594.464
0.0,5.82,0.0183,2.7,594.464
0.0,7.95,0.025,2.12,651.674
0.0,8.2,0.0258,2.07,651.674
0.0,1.04,0.00328,5.39,651.674
0.0,6.3,0.0198,2.54,1009.1
0.0,8.0,0.0252,2.11,1009.1
0.0,2.89,0.00909,4.61,1097.97
0.0,7.22,0.0227,2.28,1097.97
0.0,6.35,0.02,2.52,1097.97
0.0,4.78,0.015,3.14,652.051
0.0,3.02,0.00951,4.46,652.051
0.0,4.27,0.0134,3.42,451.312
0.0,5.65,0.0178,2.76,451.312
0.0,8.35,0.0263,2.05,495.358
0.0,6.66,0.021,2.43,495.358
0.0,2.96,0.0093,4.54,495.358
0.0,9.85,0.031,1.8,521.054
0.0,10.6,0.0334,1.7,521.054
0.0,5.18,0.0163,2.95,665.912
0.0,3.15,0.00993,4.31,665.912
0.0,6.62,0.0208,2.44,636.445
0.0,8.5,0.0267,2.02,636.445
0.0,3.29,0.0104,4.17,285.111
0.0,4.08,0.0128,3.54,285.111
0.0,7.13,0.0224,2.31,703.302
0.0,749.9,2.36,273.0,703.302
0.0,33.9,0.107,62.4,703.302
0.0,6.94,0.0218,2.35,686.723
0.0,3.86,0.0121,3.7,686.723
0.0,2.89,0.00909,4.61,159.72
0.0,3.33,0.0105,4.15,159.72
0.0,1.87,0.00588,5.95,594.447
0.0,3.78,0.0119,3.75,594.447
0.0,1.81,0.0057,5.9,594.447
0.0,3.09,0.00972,4.39,875.519
0.0,2.86,0.00899,4.66,875.519
0.0,11.0,0.0345,1.67,875.519
0.0,3.29,0.0104,4.17,775.328
0.0,2.51,0.0079,5.14,775.328
0.0,1.87,0.00588,5.95,775.328
0.0,2.79,0.00879,4.73,775.328
0.0,5.73,0.018,2.73,576.946
0.0,9.8,0.0308,1.81,576.946
0.0,8.96,0.0282,1.94,232.75
0.0,12.8,0.0401,1.48,232.75
0.0,2.13,0.00669,5.85,309.353
0.0,18.3,0.058,46.8,309.353
0.0,1.32,0.00416,5.6,687.194
0.0,7.95,0.025,2.12,687.194
0.0,3.26,0.0102,4.21,634.939
0.0,6.08,0.0191,2.61,634.939
0.0,7.32,0.023,2.26,1208.44
0.0,5.18,0.0163,2.95,1208.44
0.0,3.26,0.0102,4.21,485.997
0.0,3.78,0.0119,3.75,485.997
0.0,23.6,0.074,9.5,485.997
0.0,3.71,0.0117,3.8,485.997
0.0,6.12,0.0193,2.59,1187.47
0.0,9.48,0.0298,1.85,1187.47
0.0,5.6,0.0176,2.77,1104.64
0.0,4.08,0.0128,3.54,1104.64
0.0,2.3,0.00724,5.5,1104.64
0.0,2.79,0.00879,4.73,656.38
0.0,10.0,0.0315,1.77,656.38
0.0,7.56,0.0238,2.21,656.38
0.0,9.01,0.0283,1.93,787.07
0.0,12.5,0.0394,1.5,787.07
0.0,19.1,0.06,4.73,787.07
0.0,36.0,0.113,14.7,194.642
0.0,0.457,0.00144,4.73,171.109
0.0,3.09,0.00972,4.39,171.109
0.0,0.904,0.00284,5.28,171.109
0.0,2.33,0.00733,5.44,171.109
0.0,3.57,0.0112,3.92,385.231
0.0,15.1,0.048,3.3,385.231
0.0,7.9,0.0249,2.13,385.231
0.0,7.41,0.0233,2.24,385.231
0.0,10.1,0.0319,1.76,758.854
0.0,19.4,0.0612,1.07,758.854
0.0,13.2,0.0415,1.44,758.854
0.078,7.4,0.02328,1.54,1859.71
0.15,5.1,0.01605,0.71,1859.71
0.037,8.0,0.02517,0.31,1859.71
0.051,4.8,0.0151,0.28,1859.71
0.0,2.51,0.0079,5.14,782.088
0.0,9.91,0.0312,1.79,782.088
0.0,5.9,0.0186,2.66,782.088
0.0,4.54,0.0143,3.26,782.088
0.0,1.87,0.00588,5.95,561.101
0.0,4.04,0.0127,3.56,561.101
0.0,24.0,0.076,35.4,980.138
0.0,45.2,0.142,21.2,980.138
0.0,1.98,0.00624,5.99,980.138
0.0,9.85,0.031,1.8,1083.06
0.0,9.48,0.0298,1.85,1083.06
0.0,2.96,0.0093,4.54,1644.61
0.0,7.75,0.0244,2.16,1644.61
0.0,15.4,0.0483,1.28,1644.61
0.0,5.48,0.0172,2.83,826.265
0.0,21.5,0.0676,0.992,826.265
0.0,14.2,0.0445,1.37,826.265
0.06,254.3,0.8,nan,835.756
0.02,858.1,2.7,nan,835.756
0.08,17.6,0.055,9.08,835.756
0.0,16.8,0.0529,1.19,740.754
0.0,4.82,0.0152,3.12,740.754
0.0,35.4,0.111,37.6,316.618
0.0,24.1,0.076,18.4,316.618
0.0,9.69,0.0305,1.82,1349.13
0.0,14.0,0.0442,1.37,1349.13
0.0,6.48,0.0204,2.48,856.417
0.0,7.8,0.0245,2.15,856.417
0.0,13.2,0.0416,1.43,1733.1
0.0,12.1,0.0381,1.54,1733.1
0.0,5.6,0.0176,2.77,428.018
0.0,2.18,0.00687,5.71,428.018
0.0,4.86,0.0153,3.1,428.018
0.0,5.56,0.0175,2.79,428.018
0.0,3.09,0.00972,4.39,288.763
0.0,4.66,0.0147,3.2,288.763
0.0,2.57,0.00809,5.04,657.822
0.0,4.98,0.0157,3.04,657.822
0.0,3.64,0.0115,3.86,1798.75
0.0,6.3,0.0198,2.54,1798.75
0.0,9.64,0.0303,1.83,1798.75
0.0,169.7,0.534,5.31,1798.75
0.0,13.5,0.042,9.27,1798.75
0.0,6.04,0.019,2.62,648.109
0.0,6.85,0.0215,2.38,648.109
0.0,508.5,1.6,nan,1156.81
0.0,508.5,1.6,nan,1156.81
0.0,3.43,0.0108,4.05,1156.81
0.0,8.15,0.0256,2.08,1156.81
0.0,2.45,0.00771,5.24,746.927
0.0,102.3,0.322,52.8,746.927
0.0,6.04,0.019,2.62,512.0
0.0,7.13,0.0224,2.31,512.0
0.0,7.32,0.023,2.26,600.241
0.0,4.66,0.0147,3.2,600.241
0.0,6.57,0.0207,2.45,693.86
0.0,4.62,0.0145,3.22,693.86
0.0,8.05,0.0253,2.1,1036.49
0.0,4.86,0.0153,3.1,1036.49
0.0,15.2,0.048,6.78,1036.49
0.0,7.13,0.0224,2.31,861.527
0.0,225.6,0.71,120.0,861.527
0.0,21.6,0.068,4.27,861.527
0.0,3.71,0.0117,3.8,861.527
0.0,6.08,0.0191,2.61,626.078
0.0,2.86,0.00899,4.66,626.078
0.0,3.33,0.0105,4.15,663.711
0.0,15.7,0.0494,1.26,663.711
0.0,14.7,0.0463,1.32,663.711
0.0,9.38,0.0295,1.87,738.792
0.0,15.6,0.049,1.27,738.792
0.0,1.32,0.00416,5.6,190.401
0.0,2.89,0.00909,4.61,190.401
0.0,3.09,0.00972,4.39,190.401
0.0,1.51,0.00474,5.75,760.585
0.0,5.82,0.0183,2.7,760.585
0.0,5.39,0.017,2.86,760.585
0.0,2.33,0.00733,5.44,924.625
0.0,8.1,0.0255,2.09,924.625
0.0,8.1,0.0255,2.09,924.625
0.0,8.1,0.0255,2.09,924.625
0.0,2.04,0.00642,6.02,379.424
0.0,5.27,0.0166,2.91,379.424
0.0,3.29,0.0104,4.17,838.595
0.0,7.51,0.0236,2.22,838.595
0.0,10.2,0.032,1.76,838.595
0.0,14.3,0.0449,1.36,1389.48
0.0,3.2,0.01,1.77,1389.48
0.0,6.8,0.0214,2.39,1389.48
0.0,3.02,0.00951,4.46,1052.53
0.0,9.22,0.029,1.9,1052.53
0.0,2.3,0.00724,5.5,1052.53
0.0,3.15,0.00993,4.31,1026.43
0.0,5.27,0.0166,2.91,1026.43
0.0,6.71,0.0211,2.42,1026.43
0.0,6.12,0.0193,2.59,1026.43
0.0,7.32,0.023,2.26,780.256
0.0,25.2,0.0794,0.875,780.256
0.0,21.7,0.0683,0.983,780.256
0.0,15.5,0.0488,1.27,575.988
0.0,12.7,0.0399,1.48,575.988
0.0,8.25,0.0259,2.07,1002.14
0.0,7.75,0.0244,2.16,1002.14
0.0,5.12,0.01611,1.26,335.307
0.0,6.2,0.01951,1.61,335.307
0.0,1.24,0.0039,5.56,335.307
0.0,6.39,0.0201,2.51,335.307
0.0,4.7,0.0148,3.18,627.365
0.0,3.68,0.0116,3.84,627.365
0.0,5.39,0.017,2.86,317.499
0.0,4.66,0.0147,3.2,317.499
0.0,2.42,0.00761,5.29,613.129
0.0,3.33,0.0105,4.15,613.129
0.0,7.61,0.0239,2.2,754.747
0.0,6.66,0.021,2.43,754.747
0.0,11.1,0.0348,1.65,942.173
0.0,8.4,0.0264,2.04,942.173
0.0,4.12,0.013,3.52,1280.25
0.0,7.41,0.0233,2.24,1280.25
0.0,6.76,0.0213,2.41,1280.25
0.0,7.22,0.0227,2.28,1280.25
0.0,6.71,0.0211,2.42,1370.79
0.0,14.4,0.0453,1.34,1370.79
0.0,37.9,0.119,26.8,264.993
0.0,5.18,0.0163,2.95,264.993
0.0,5.77,0.0182,2.71,264.993
0.0,7.04,0.0221,2.33,851.87
0.0,11.4,0.0357,1.62,851.87
0.0,6.66,0.021,2.43,2257.32
0.0,3.5,0.011,3.98,2257.32
0.0,2895.31,9.11,nan,1044.36
0.0,4385.87,13.8,nan,1044.36
0.0,4.7,0.0148,3.18,948.781
0.0,3.78,0.0119,3.75,948.781
0.0,2.04,0.00642,6.02,404.542
0.0,0.809,0.00254,5.18,404.542
0.0,0.219,0.00069,4.19,404.542
0.0,78.0,0.245,147.0,889.608
0.0,97.8,0.308,93.7,889.608
0.0,5.69,0.0179,2.74,889.608
0.0,2.86,0.00899,4.66,713.964
0.0,4.58,0.0144,3.24,713.964
0.0,2.99,0.0094,4.5,1333.62
0.0,4.04,0.0127,3.56,1333.62
0.0,6.08,0.0191,2.61,2034.25
0.0,11.4,0.0357,1.62,2034.25
0.0,11.1,0.0348,1.65,2034.25
0.0,8.6,0.0271,2.0,1144.86
0.0,16.6,0.052,3.74,1144.86
0.0,16.3,0.051,4.08,1144.86
0.0,87.3,0.275,19.3,976.643
0.0,64.2,0.202,9.3,976.643
0.04,15.6,0.049,1.27,443.03
0.51,12.6,0.0396,1.5,443.03
0.0,12.8,0.0401,1.48,1037.4
0.0,49.4,0.155,0.3,1037.4
0.0,37.5,0.118,0.3,1037.4
0.0,479.9,1.51,nan,438.359
0.0,432.23,1.36,nan,438.359
0.0,2.7,0.00849,4.87,780.361
0.0,4.7,0.0148,3.18,780.361
0.0,8.35,0.0263,2.05,1745.45
0.0,24.4,0.0769,0.896,1745.45
0.0,1.01,0.00317,5.39,1337.61
0.0,1.87,0.00588,5.95,1337.61
0.0,61.0,0.192,22.5,1337.61
0.0,56.2,0.177,10.4,1337.61
0.0,5.18,0.0163,2.95,468.094
0.0,3.97,0.0125,3.62,468.094
0.0,5.65,0.0178,2.76,1031.95
0.0,7.32,0.023,2.26,1031.95
0.0,2.36,0.00742,5.39,824.31
0.0,1.46,0.00459,5.71,824.31
0.0,2.07,0.00651,5.97,1226.85
0.0,2.45,0.00771,5.24,1226.85
0.0,2.33,0.00733,5.44,1226.85
0.0,3.78,0.0119,3.75,1226.85
0.0,6.04,0.019,2.62,835.86
0.0,10.7,0.0336,1.7,835.86
0.0,3.43,0.0108,4.05,1194.15
0.0,8.5,0.0267,2.02,1194.15
0.0,7.61,0.0239,2.2,1194.15
0.0,7.3,0.023,4.1,704.438
0.0,132.0,0.42,0.47,704.438
nan,4.0,0.013,1.2,704.438
0.0,5.0,0.01573,1.65,832.532
0.0,4.5,0.01416,1.91,832.532
0.0,5.69,0.0179,2.74,694.627
0.0,7.75,0.0244,2.16,694.627
0.0,5.31,0.0167,2.9,1786.48
0.0,4.19,0.0132,3.47,1786.48
0.0,2.3,0.00724,5.5,1056.48
0.0,2.76,0.00869,4.77,1056.48
0.0,5.6,0.0176,2.77,1056.48
0.0,7.61,0.0239,2.2,1056.48
0.0,6.12,0.0193,2.59,1056.48
0.0,9.64,0.0303,1.83,974.633
0.0,14.0,0.0442,1.37,974.633
0.0,3.78,0.0119,3.75,1357.01
0.0,7.8,0.0245,2.15,1357.01
0.0,1.98,0.00624,5.99,1699.19
0.0,1.71,0.00537,5.87,1699.19
0.0,2.42,0.00761,5.29,1699.19
0.0,48.5,0.153,11.3,692.14
0.0,42.1,0.132,0.827,692.14
0.0,4.5,0.0142,3.28,518.204
0.0,4.38,0.0138,3.35,518.204
0.0,6.8,0.0214,2.39,518.204
0.0,2.3,0.00724,5.5,1052.24
0.0,7.51,0.0236,2.22,1052.24
0.0,4.12,0.013,3.52,1052.24
0.0,4.16,0.0131,3.5,1052.24
0.042,11.3,0.036,1.02,914.221
0.0111,640.0,2.01,1.88,914.221
0.022,23.1,0.073,0.19,914.221
0.0,3.43,0.0108,4.05,1098.45
0.0,5.69,0.0179,2.74,1098.45
0.0,2.39,0.00752,5.34,719.166
0.0,2.39,0.00752,5.34,719.166
0.0,3.71,0.0117,3.8,719.166
0.0,15.5,0.0488,1.27,1402.58
0.0,nan,nan,nan,1402.58
0.0,0.64,0.00201,4.99,209.738
0.0,1.55,0.00489,5.75,209.738
0.0,8.55,0.0269,2.01,434.684
0.0,5.35,0.0168,2.88,434.684
0.0,8.0,0.0252,2.11,434.684
0.0,1.87,0.00588,5.95,434.684
0.0,10.5,0.033,1.24,868.477
0.0,6.0,0.019,0.917,868.477
0.0,9.1,0.02863,2.5,868.477
0.0,3.87,0.0122,3.68,868.477
0.0,2.92,0.0092,4.57,775.679
0.0,6.12,0.0193,2.59,775.679
0.0,6.66,0.021,2.43,775.679
0.0,5.77,0.0182,2.71,775.679
0.0,7.44,0.02341,2.62,575.581
0.0,3.64,0.01145,1.74,575.581
0.0,5.14,0.0162,2.96,1335.92
0.0,5.31,0.0167,2.9,1335.92
0.0,3.05,0.00961,4.41,544.568
0.0,6.85,0.0215,2.38,544.568
0.0,25.9,0.0816,0.855,1664.64
0.0,1493.7,4.7,nan,1664.64
0.0,2161.244,6.8,nan,1664.64
0.0,1.81,0.0057,5.9,602.268
0.0,11.4,0.0357,1.62,602.268
0.0,7.0,0.02202,3.3,602.268
0.0,3.53,0.0111,3.95,778.654
0.0,2.63,0.00829,4.94,778.654
0.0,2.21,0.00696,5.66,797.72
0.0,10.1,0.0317,1.78,797.72
0.0,6.94,0.0218,2.35,1079.3952487
0.0,7.13,0.0224,2.31,1079.3952487
0.0,0.498,0.00157,4.79,268.881
0.0,8.75,0.0275,1.97,268.881
0.0,13.7,0.043,1.4,1160.63
0.0,16.1,0.0506,1.24,1160.63
0.0,1.2,0.00377,5.54,384.938
0.0,1.65,0.00521,5.81,384.938
0.0,109.8,0.345,66.1,940.584
0.0,3.61,0.0113,3.9,940.584
0.0,19.9,0.0627,1.05,489.141
0.0,13.1,0.0413,1.44,489.141
0.0,3.29,0.0104,4.17,503.436
0.0,7.41,0.0233,2.24,503.436
0.0,5.86,0.0184,2.68,503.436
0.0,1303.0,4.1,nan,323.847
0.0,158.9,0.5,nan,323.847
0.0,7.75,0.0244,2.16,323.847
0.0,2.86,0.00899,4.66,323.847
0.0,0.477,0.0015,4.75,323.847
0.0,1.55,0.00489,5.75,826.613
0.0,2.45,0.00771,5.24,826.613
0.0,3.78,0.0119,3.75,384.542
0.0,5.99,0.0189,2.64,384.542
0.0,1.01,0.00317,5.39,400.48
0.0,3.43,0.0108,4.05,400.48
0.0,684.4,2.153,1290.0,454.883
0.0,79.7,0.251,101.0,454.883
0.0,1.55,0.00489,5.75,501.574
0.0,10.1,0.0317,1.78,501.574
0.0,8.8,0.0277,1.96,823.242
0.0,6.99,0.022,2.34,823.242
0.0,8.2,0.0258,2.07,823.242
0.0,44.6,0.14,69.8,487.675
0.0,17.4,0.055,34.8,487.675
0.0,6.9,0.022,21.4,487.675
0.0,1.41,0.00444,5.67,241.987
0.0,20.3,0.064,102.0,241.987
0.0,3.64,0.0115,3.86,241.987
0.0,28.5,0.09,12.9,2213.19
0.0,39.4,0.124,1.37,2213.19
0.0,2.54,0.008,5.09,439.719
0.0,4.38,0.0138,3.35,439.719
0.0,3.68,0.0116,3.84,1209.16
0.0,0.39,0.00123,0.13,1209.16
0.0,3.91,0.0123,0.25,1209.16
0.0,5.57,0.01753,0.8,1209.16
0.0,9.6,0.0302,0.9,1209.16
0.0,2.39,0.00752,5.34,717.527
0.0,4.46,0.014,3.31,717.527
0.0,3.97,0.0125,3.62,580.119
0.0,4.04,0.0127,3.56,580.119
0.0,3.33,0.0105,4.15,580.119
0.0,1.71,0.00537,5.87,344.19
0.0,1.32,0.00416,5.6,344.19
0.0,1.76,0.00553,5.89,344.19
0.0,1.46,0.00459,5.71,426.59
0.0,2.63,0.00829,4.94,426.59
0.0,2.57,0.00809,5.04,426.59
0.0,11.4,0.0359,1.61,1278.97
0.0,9.64,0.0303,1.83,1278.97
0.0,1.04,0.00328,5.39,768.86
0.0,5.06,0.0159,3.0,768.86
0.0,6.21,0.0195,2.56,768.86
0.0,2.99,0.0094,4.5,677.975
0.0,4.86,0.0153,3.1,677.975
0.04,30.6,0.096,11.6,552.798
0.03,6.08,0.0191,2.61,552.798
0.03,9.27,0.0292,1.89,552.798
0.0,2.6,0.00819,4.99,616.637
0.0,7.3,0.023,26.4,616.637
0.0,14.7,0.046,50.4,616.637
0.0,6.94,0.0218,2.35,808.762
0.0,11.3,0.0355,1.62,808.762
0.0,1.76,0.00553,5.89,1047.03
0.0,3.53,0.0111,3.95,1047.03
0.0,4.08,0.0128,3.54,1047.03
0.0,4.62,0.0145,3.22,1047.03
0.0,5.69,0.0179,2.74,781.611
0.0,4.5,0.0142,3.28,781.611
0.0,6.76,0.0213,2.41,781.611
0.0,0.615,0.00193,4.96,781.611
0.0,6.39,0.0201,2.51,927.193
0.0,4.74,0.0149,3.16,927.193
0.0,7.32,0.023,2.26,1002.94
0.0,9.01,0.0283,1.93,1002.94
0.0,0.5,0.00157,5.2,260.0
0.0,2.2,0.00692,4.8,260.0
0.0,7.56,0.0238,2.21,984.105
0.0,9.64,0.0303,1.83,984.105
0.0,4.54,0.0143,3.26,1298.88
0.0,3.71,0.0117,3.8,1298.88
0.0,2.92,0.0092,4.57,570.783
0.0,2.33,0.00733,5.44,570.783
0.0,94.5,0.297,75.7,940.724
0.0,4.5,0.0142,3.28,940.724
0.0,4.08,0.0128,3.54,956.859
0.0,6.1,0.019,1.13,956.859
0.0,14.9,0.047,3.73,956.859
0.0,4.8,0.015,0.921,1083.91
0.0,11.1,0.035,1.88,1083.91
0.0,7.85,0.0247,2.14,1083.91
0.0,0.566,0.00178,4.89,252.733
0.0,2.07,0.00651,5.97,252.733
0.0,4.04,0.0127,3.56,554.064
0.0,2.27,0.00714,5.55,554.064
0.0,2.07,0.00651,5.97,554.064
0.0,2.73,0.00859,4.82,1432.17
0.0,7.8,0.0245,2.15,1432.17
0.0,3.09,0.00972,4.39,707.559
0.0,3.93,0.0124,3.64,707.559
0.0,4.04,0.0127,3.56,688.573
0.0,7.61,0.0239,2.2,688.573
0.0,11.6,0.0366,1.58,688.573
0.0,7.85,0.0247,2.14,1101.1
0.0,8.5,0.0267,2.02,1101.1
0.0,12.2,0.0384,1.52,1443.21
0.0,2.9,0.00912,0.1,1443.21
0.0,2.7,0.0085,0.1,1443.21
0.0,3.83,0.01205,6.26,527.956
0.0,7.13,0.02243,0.787,527.956
0.0,3.36,0.0106,4.11,876.044
0.0,5.06,0.0159,3.0,876.044
0.0,2.7,0.00849,4.87,930.32
0.0,6.9,0.0217,2.37,930.32
0.0,0.615,0.00193,4.96,1090.51
0.0,2.7,0.00849,4.87,1090.51
0.0,1.65,0.00521,5.81,762.596
0.0,66.4,0.209,75.6,762.596
0.0,4.86,0.0153,3.1,762.596
0.0,3.02,0.00951,4.46,891.462
0.0,5.27,0.0166,2.91,891.462
0.0,4.82,0.0152,3.12,831.996
0.0,3.33,0.0105,4.15,831.996
0.0,2.73,0.00859,4.82,1856.28
0.0,3.86,0.0121,3.7,1856.28
0.0,2.24,0.00705,5.6,188.027
0.0,1.87,0.00588,5.95,188.027
0.0,10.7,0.0336,1.7,770.978
0.0,14.3,0.0451,1.35,770.978
0.0,1.51,0.00474,5.75,214.0
0.0,2.57,0.00809,5.04,214.0
0.0,3.1783,0.01,671.0,63.9207
0.09,12.0,0.03776,nan,63.9207
0.15,12.2,0.03839,nan,63.9207
0.0,3.15,0.00993,4.31,1167.94
0.0,4.31,0.0136,3.4,1167.94
0.0,4.23,0.0133,3.44,813.192
0.0,3.82,0.012,3.72,813.192
0.0,2.42,0.00761,5.29,1493.95
0.0,5.02,0.0158,3.02,1493.95
0.0,3.5,0.011,3.98,1493.95
0.0,2.42,0.00761,5.29,1090.45
0.0,2.07,0.00651,5.97,1090.45
0.0,1.08,0.0034,5.43,1265.61
0.0,1.37,0.0043,5.66,1265.61
0.0,2.27,0.00714,5.55,1265.61
0.0,2.7,0.00849,4.87,1238.81
0.0,7.51,0.0236,2.22,1238.81
0.0,1.24,0.0039,5.56,923.067
0.0,3.86,0.0121,3.7,923.067
0.0,2.51,0.0079,5.14,823.804
0.0,4.9,0.0154,3.08,823.804
0.0,0.347,0.00109,4.52,152.094
0.0,0.271,0.00085,4.34,152.094
0.0,3.39,0.0107,4.07,731.274
0.0,5.86,0.0184,2.68,731.274
0.0,1.81,0.0057,5.9,813.713
0.0,2.15,0.00678,5.77,813.713
0.0,0.937,0.00295,5.31,267.323
0.0,1.46,0.00459,5.71,267.323
0.0,2.3,0.00724,5.5,935.446
0.0,3.15,0.00993,4.31,935.446
0.0,2.3,0.00724,5.5,470.0
0.0,2.07,0.00651,5.97,470.0
0.0,1.46,0.00459,5.71,895.678
0.0,1.51,0.00474,5.75,895.678
0.0,12.8,0.04,3.46,1432.61
0.0,13.2,0.042,2.58,1432.61
0.0,7.36,0.0232,2.25,1432.61
0.0,2.51,0.0079,5.14,882.462
0.0,3.12,0.00982,4.35,882.462
0.0,1.08,0.0034,5.43,801.052
0.0,0.64,0.00201,4.99,801.052
0.0,0.457,0.00144,4.73,425.0
0.0,0.566,0.00178,4.89,425.0
0.0,2.89,0.00909,4.61,816.559
0.0,2.73,0.00859,4.82,816.559
0.112,6388.1,20.1,13.0,1057.41
0.0,10.3,0.0325,1.73,869.236
0.0,12.3,0.0386,1.52,869.236
0.0,0.972,0.00306,5.34,681.428
0.0,1.37,0.0043,5.66,681.428
0.0,2.21,0.00696,5.66,881.404
0.0,2.33,0.00733,5.44,881.404
0.0,3.19,0.01,4.28,1058.72
0.0,3.39,0.0107,4.07,1058.72
0.0,1.08,0.0034,5.43,421.382
0.0,2.3,0.00724,5.5,421.382
0.0,75.5,0.238,9.68,223.757
0.0,17.9,0.056,0.661,223.757
0.0,6.62,0.0208,2.44,969.0
0.0,31.6,0.0995,0.736,969.0
0.0,0.749,0.00236,5.12,177.355
0.0,1.01,0.00317,5.39,177.355
0.0,0.615,0.00193,4.96,177.355
0.0,0.84,0.00264,5.22,740.537
0.0,2.63,0.00829,4.94,740.537
0.0,4.23,0.0133,3.44,740.537
0.0,24.472,0.077,1.91,487.916
0.0,699.2,2.2,1.68,2305.01
0.0,3.36,0.0106,4.11,845.97
0.0,2.83,0.00889,4.7,845.97
0.0,3.57,0.0112,3.92,965.56
0.0,5.27,0.0166,2.91,965.56
0.0,5.77,0.0182,2.71,965.56
0.0,1.98,0.00624,5.99,625.339
0.0,3.05,0.00961,4.41,625.339
0.0,2.48,0.0078,5.19,625.339
0.0,2.73,0.00859,4.82,625.339
0.0,2.1,0.0066,5.91,840.269
0.0,3.71,0.0117,3.8,840.269
0.0,2.6,0.00819,4.99,840.269
0.0,2.15,0.00678,5.77,812.524
0.0,3.61,0.0113,3.9,812.524
0.0,4.98,0.0157,3.04,1065.08
0.0,19.6,0.0616,1.06,1065.08
0.0,6.35,0.02,11.82,364.03
0.0,2.71,0.009,24.39,364.03
0.0,3.2,0.01007,nan,338.368
0.0,5.0,0.01573,nan,88.7832
0.0,22.0,0.06922,nan,68.173
0.0,177.98,0.56,0.33,1093.08
0.0038,299.07803,0.941,0.52,1086.24
0.2,349.6,1.1,nan,1002.53
0.833,794.5,2.5,3.5,1011.36
0.04,0.399,0.00126,4.62,40.0595
0.0,0.315,0.00099,4.45,40.0595
0.02,0.13,0.00041,3.86,40.0595
0.041,16.1,0.0508,1.23,348.558
0.0,136.66,0.43,0.38,722.795
0.019,189.101,0.595,0.459,758.753
0.0,327.35,1.03,1.94,698.646
0.33,79.45,0.25,0.27,646.647
0.18,108.06,0.34,0.26,843.695
0.57,92.17,0.29,0.16,1017.8
0.22,403.63,1.27,1.02,686.284
0.017,1026.5909,3.23,5.0,1005.84
0.0,10.6,0.0334,1.7,917.477
0.0,3.71,0.0117,3.8,917.477
0.0,0.37,0.00117,4.56,486.546
0.0,0.229,0.00072,4.22,486.546
0.0,1.41,0.00444,5.67,486.546
0.119,896.24,2.82,1.13,1878.31
0.131,908.96,2.86,2.4,1222.54
0.114,266.97,0.84,0.131,1418.77
0.19,7.9,0.0249,2.13,588.867
0.0,6.04,0.019,2.62,588.867
0.02,5.22,0.0164,2.93,304.0
0.03,1.46,0.00459,5.71,195.9428717
0.03,5.65,0.0178,2.76,757.048
0.066,317.82,1.0,0.93,1188.0
0.34,4.12,0.013,3.52,301.03
0.1,3.33,0.0105,4.15,268.003
0.04,2.36,0.00742,5.39,365.965
0.11,6.04,0.019,2.62,802.271
0.0,3.12,0.00982,4.35,127.201
0.0,6.85,0.0215,2.38,127.201
0.0,2.1,0.0066,5.91,127.201
0.0,2.86,0.00899,4.66,96.339
0.0,1.41,0.00444,5.67,96.339
0.0,2.39,0.00752,5.34,96.339
0.123,435.41,1.37,0.4,268.041
0.03,4.88,0.0154,3.09,241.949
0.05,8.07,0.0254,2.1,241.949
0.11,160.497,0.505,0.8,381.949
0.02,19.4,0.06104,0.461,455.982
0.02,12.5,0.03933,3.82,455.982
0.14,17.6,0.05538,165.0,455.982
0.0,3.29,0.0104,4.17,551.727
0.0,16.4,0.0516,1.22,1594.74
0.01,1907.0,6.0,14.0,777.06
0.0,3.33,0.0105,4.15,777.06
0.0,26.1,0.0821,0.853,1274.01
0.0,7.18,0.0226,2.3,692.158
0.042,53.9,0.16959,9.3,596.625
0.11,6.0,0.01888,0.4,596.625
0.0,9.53,0.03,1.85,394.804
0.0,10.9,0.0343,1.67,667.604
0.0,9.01,0.0283,1.93,553.077
0.0,8.5,0.0267,2.02,530.122
0.0,2.1,0.0066,5.91,530.122
0.0,5.69,0.0179,2.74,466.265
0.0,nan,nan,nan,442.871
0.0,35600.0,112.0,65.0,929.811
0.0,37000.0,117.0,60.7,1249.41
0.0,10.5,0.0329,1.73,306.602
0.0,15.6,0.0492,1.26,905.937
0.0,9.59,0.0302,1.84,841.496
0.0,6.76,0.0213,2.41,280.069
0.0,9.69,0.0305,1.82,813.535
0.0,7.8,0.0245,2.15,420.0
0.0,5.14,0.0162,2.96,344.901
0.0,3.94,0.0124,3.23,306.738
0.0,14.61,0.04597,4.01,306.738
0.0,7.93,0.025,5.08,306.738
0.0,8.15,0.0256,2.08,847.508
0.0,6.8,0.0214,2.39,813.724
0.0,6.17,0.0194,2.58,313.068
0.0,10.4,0.0327,1.73,860.355
0.0,5.82,0.0183,2.7,382.136
0.0,35500.0,112.0,65.2,1140.95
0.0,84.2,0.265,0.348,436.257
0.0,nan,nan,nan,872.343
0.0,7.65,0.0241,2.18,872.343
0.0,39400.0,124.0,55.0,1145.28
0.0,46.1,0.145,0.551,369.645
0.0,311.46,0.98,3.4,311.222
0.0,228.83,0.72,1.3,311.222
0.0,3.19,0.01,4.28,311.222
0.0,3.05,0.00961,4.41,311.222
0.0,nan,nan,nan,1523.0
0.0,59.0,0.186,0.457,630.785
0.0,66.7,0.21,0.416,587.91
0.0,37500.0,118.0,59.5,1745.77
0.0,40.4,0.127,0.61,750.177
0.0,23.8,0.0749,0.914,658.924
0.0,5.99,0.0189,2.64,605.274
0.0,30.4,0.0957,0.758,1291.98
0.0,9.43,0.0297,1.86,938.844
0.0,5.35,0.0168,2.88,556.726
0.0,670.93913,2.111,0.4,899.777
0.0,3.57,0.0112,3.92,250.11
0.0,5.35,0.0168,2.88,250.11
0.0,7.18,0.0226,2.3,807.48
0.0,17.1,0.0537,1.18,1125.24
0.0,20.4,0.0641,1.03,1591.04
0.0,7.27,0.0229,2.27,283.41
0.0,7.9,0.0249,2.13,228.439
0.0,2.24,0.00705,5.6,391.644
0.0,3.33,0.0105,4.15,324.618
0.0,6.76,0.0213,2.41,332.443
0.04,2.1,0.007,0.03,783.831
0.014,4.0,0.013,0.03,783.831
0.008,7.6,0.024,0.046,783.831
0.0,6.66,0.021,2.43,386.177
0.0,33.1,0.104,0.71,651.999
0.0,7.7,0.0242,2.17,467.375
0.0,5.48,0.0172,2.83,468.258
0.0,27.9,0.0878,0.811,687.094
0.0,5.1,0.016,2.98,337.901
0.0,2765.0,8.7,nan,321.542
0.0,3308.41,10.41,nan,321.542
0.0,4.46,0.014,3.31,321.542
0.0,3.39,0.0107,4.07,623.901
0.0,1.24,0.0039,5.56,623.901
0.0,10.2,0.0322,1.74,830.638
0.0,38.2,0.12,0.636,639.239
0.0,4.5,0.0142,3.28,253.295
0.0,4.31,0.0136,3.4,1058.24
0.0,0.84,0.00264,5.22,1058.24
0.0,7.41,0.0233,2.24,992.852
0.0,4.62,0.0145,3.22,666.146
0.0,8.45,0.0266,2.03,750.04
0.0,4.98,0.0157,3.04,784.23
0.0,4.12,0.013,3.52,799.008
0.0,4.66,0.0147,3.2,799.008
0.0,5851.0,18.41,nan,1366.07
0.0,5002.43,15.74,nan,1366.07
0.0,5.14,0.0162,2.96,1366.07
0.0,8.15,0.0256,2.08,252.762
0.0,7.13,0.0224,2.31,312.798
0.0,11.4,0.0357,1.62,302.955
0.0,5.65,0.0178,2.76,570.659
0.0,6.17,0.0194,2.58,685.599
0.0,9.8,0.0308,1.81,462.322
0.0,2.57,0.00809,5.04,439.4
0.39,308.2951,0.97,2.9,307.318
0.0,292.39,0.92,nan,271.701
0.0,117.59,0.37,nan,271.701
0.0,2.96,0.0093,4.54,271.701
0.0,7.8,0.0245,2.15,390.374
0.0,11.2,0.0354,1.62,1060.68
0.0,3.09,0.00972,4.39,436.016
0.0,6.8,0.0214,2.39,221.802
0.0,5.14,0.0162,2.96,963.18
0.0,7.7,0.0242,2.17,818.001
0.0,39.1,0.123,0.626,1019.65
0.0,15.1,0.0475,1.3,378.972
0.0,nan,nan,nan,751.776
0.0,11.0,0.03461,1.9,635.145
0.0,8.91,0.028,1.95,635.145
0.0,473.55,1.49,nan,578.796
0.0,352.78,1.11,nan,578.796
0.0,3.15,0.00993,4.31,578.796
0.0,3.02,0.00951,4.46,578.796
0.0,3.15,0.00993,4.31,578.796
0.0,17.9,0.0563,1.14,531.944
0.0,7.9,0.0249,2.13,311.175
0.0,14.8,0.0465,1.32,843.689
0.0,19.4,0.0609,1.07,728.525
0.0,nan,nan,nan,728.525
0.0,17.0,0.0535,1.18,690.525
0.0,8.4,0.0264,2.04,973.121
0.0,5.65,0.0178,2.76,674.598
0.0,7.61,0.0239,2.2,2097.12
0.0,6.21,0.0195,2.56,661.876
0.0,12.7,0.0399,1.48,776.708
0.04,22.1,0.07,0.442,912.994
0.0,181.0,0.57,1.06,912.994
0.0,38.7,0.122,0.631,621.378
0.0,7.65,0.0241,2.18,621.378
0.0,23.7,0.0745,0.921,992.769
0.0,9.75,0.0307,1.82,565.207
0.0,19.4,0.0609,1.07,863.037
0.0,12.9,0.0405,1.47,1041.0
0.0,5.27,0.0166,2.91,564.277
0.0,5.69,0.0179,2.74,558.81
0.0,5.73,0.018,2.73,130.645
0.0,10.1,0.0319,1.76,638.301
0.0,5994.02,18.86,nan,644.14
0.0,2208.83,6.95,nan,644.14
0.0,6.57,0.0207,2.45,568.148
0.0,7.46,0.0235,2.23,723.875
0.0,7.18,0.0226,2.3,504.667
0.0,8.2,0.0258,2.07,771.471
0.0,6.3,0.0198,2.54,682.896
0.0,6.3,0.0198,2.54,853.977
0.0,10.7,0.0338,1.68,617.55
0.0,7.04,0.0221,2.33,524.247
0.0,4.66,0.0147,3.2,541.432
0.0,4.66,0.0147,3.2,530.765
0.0,441.77,1.39,nan,969.252
0.0,696.02,2.19,nan,969.252
0.0,8.96,0.0282,1.94,969.252
0.0,7.13,0.0224,2.31,323.899
0.0,7.41,0.0233,2.24,703.758
0.0,13.1,0.0413,1.44,613.179
0.0,5.82,0.0183,2.7,867.271
0.0,16.5,0.0519,1.22,1848.84
0.0,8.4,0.0264,2.04,585.187
0.0,8.2,0.0258,2.07,693.766
0.0,5.6,0.0176,2.77,787.894
0.0,7.41,0.0233,2.24,1209.4
0.0,5.77,0.0182,2.71,612.803
0.0,651.52,2.05,nan,1163.22
0.0,435.41,1.37,nan,1163.22
0.0,15.2,0.0479,1.29,1421.81
0.0,11.4,0.0359,1.61,785.137
0.0,6.3,0.0198,2.54,1153.13
0.0,8.6,0.0271,2.0,973.76
0.0,5.39,0.017,2.86,769.2
0.0,17.4,0.05475,1.88,643.009
0.0,3.3,0.01038,17.7,643.009
0.0,11.8,0.0372,1.57,1023.85
0.0,6.21,0.0195,2.56,663.418
0.0,2.86,0.00899,4.66,681.086
0.0,9.4,0.0296,1.87,681.086
0.0,8.45,0.0266,2.03,558.517
0.0,212.31044,0.668,0.4,587.039
0.0,4.19,0.01318,4.62,1025.1
0.0,3.85,0.01211,3.06,1025.1
0.0,4.16,0.01309,2.91,1025.1
0.0,8.75,0.0275,1.97,619.723
0.0,4.27,0.0134,3.42,414.825
0.0,5.02,0.0158,3.02,1159.31
0.0,7.51,0.0236,2.22,1539.63
0.0,34.5,0.108,0.69,1539.63
0.0,2.3,0.00724,5.5,1539.63
0.0,7.22,0.0227,2.28,1026.49
0.0,2.67,0.00839,4.91,556.58
0.0,0.566,0.00178,4.89,556.58
0.0,11.0,0.0345,1.67,1215.11
0.0,0.59,0.00186,4.92,519.122
0.0,12.9,0.0405,1.47,946.683
0.0,11.2,0.0352,1.64,1065.82
0.25,5.27,0.0166,2.91,335.079
0.0,16.3,0.0514,1.22,845.824
0.0,10.9,0.0343,1.67,845.824
0.0,3.36,0.0106,4.11,1395.56
0.0,8.45,0.0266,2.03,1445.53
0.0,5.86,0.0184,2.68,861.494
0.0,6.3,0.0198,2.54,527.995
0.0,3.68,0.0116,3.84,330.0
0.0,6.48,0.0204,2.48,945.775
0.0,11.5,0.0363,1.59,945.775
0.0,2.3,0.00724,5.5,173.354
0.0,7.27,0.0229,2.27,1221.96
0.0,10.1,0.0319,1.76,900.678
0.0,3.5,0.011,3.98,900.678
0.0,9.0,0.03,nan,300.874
0.0,4.0,0.013,nan,300.874
0.0,14.0,0.044,nan,300.874
0.0,36.0,0.113,nan,300.874
0.0,35.0,0.11,nan,300.874
0.0,11.0,0.0346,1.65,1355.28
0.0,5.9,0.0186,2.66,389.0
0.0,5.18,0.0163,2.95,284.761
0.0,9.32,0.0293,1.88,737.702
0.0,5.95,0.0187,2.65,748.188
0.0,4.62,0.0145,3.22,760.708
0.0,1.16,0.00364,5.51,760.708
0.0,5.86,0.0184,2.68,635.643
0.0,13.4,0.0422,1.42,984.307
0.0,53.2,0.168,0.493,897.901
0.0,2.48,0.0078,5.19,372.05
0.45,120.0,0.378,3.0,194.033
0.0,10.2,0.0322,1.74,839.784
0.0,8.75,0.0275,1.97,761.966
0.0,5.52,0.0174,2.81,349.0
0.0,3.29,0.0104,4.17,933.377
0.0,4.23,0.0133,3.44,888.027
0.0,7.46,0.0235,2.23,1141.08
0.0,20.2,0.0636,1.04,786.091
0.0,4.01,0.0126,3.6,991.214
0.0,6.26,0.0197,2.55,850.242
0.0,7.08,0.0223,2.32,557.787
0.0,4.08,0.0128,3.54,969.918
0.0,8.75,0.0275,1.97,781.582
0.37,321.0083,1.01,1.68,1063.58
0.0,10.1,0.0317,1.78,1318.05
0.0,5.06,0.0159,3.0,1173.57
0.0,4.62,0.0145,3.22,451.794
0.0,1.71,0.00537,5.87,1087.87
0.0,15.1,0.0476,1.3,1087.87
0.0,10.5,0.0329,1.73,636.03
0.0,5.73,0.018,2.73,513.748
0.028,2.4,0.0076,4.4,303.728
0.02,5.4,0.017,1.64,303.728
0.014,4.14,0.013,5.7,303.728
0.0,9.06,0.0285,1.92,884.378
0.0,6.21,0.0195,2.56,509.408
0.0,6.76,0.0213,2.41,394.55
0.0,4.46,0.014,3.31,595.634
0.0,0.399,0.00126,4.62,595.634
0.0,4.94,0.0155,3.06,974.124
0.0,7.8,0.0245,2.15,752.562
0.0,9.91,0.0312,1.79,890.352
0.0,12.2,0.0383,1.54,1691.88
0.0,3.29,0.0104,4.17,388.384
0.0,6.8,0.0214,2.39,722.64
0.0,8.25,0.0259,2.07,1202.96
0.0,7.13,0.0224,2.31,568.431
0.0,9.64,0.0303,1.83,534.788
0.0,5.39,0.017,2.86,815.637
0.0,7.27,0.0229,2.27,1063.09
0.0,7.56,0.0238,2.21,1210.12
0.0,7.27,0.0229,2.27,612.838
0.0,6.35,0.02,2.52,1508.71
0.0,20.1,0.0632,1.04,2302.45
0.0,7.75,0.0244,2.16,784.618
0.0,20.8,0.0655,1.01,2063.41
0.0,8.96,0.0282,1.94,1131.19
0.0,nan,nan,nan,939.744
0.0,7.7,0.0242,2.17,1168.26
0.0,6.8,0.0214,2.39,1033.93
0.0,34.8,0.11,0.684,918.21
0.0,3.5,0.011,3.98,342.254
0.0,6.53,0.0205,2.47,665.68
0.0,9.48,0.0298,1.85,295.196
0.0,25.0,0.0786,0.882,1954.08
0.0,23.1,0.0728,0.935,1826.15
0.0,9.32,0.0293,1.88,922.244
0.0,6.44,0.0203,2.5,1492.48
0.0,9.69,0.0305,1.82,686.923
0.0,42.6,0.134,0.585,1979.25
0.0,4.54,0.0143,3.26,1023.07
0.0,11.2,0.0354,1.62,1731.27
0.0,78.8,0.248,0.366,938.715
0.0,nan,nan,nan,1490.94
0.0,12.2,0.0383,1.54,633.66
0.0,68.7,0.216,0.406,1357.75
0.0,8.7,0.0274,1.98,1131.73
0.16,5.65,0.0178,2.76,730.625
0.14,3.57,0.0112,3.92,730.625
0.0,29.6,0.0933,0.772,1665.31
0.0,5.02,0.0158,3.02,279.115
0.0,9.85,0.031,1.8,991.336
0.0,8.25,0.0259,2.07,1023.06
0.0,62.3,0.196,0.438,842.947
0.0,31.3,0.0984,0.743,1416.44
0.0,16.0,0.0502,1.25,1277.33
0.0,13.1,0.0413,1.44,1995.57
0.0,nan,nan,nan,2089.7
0.0,140.16303,0.441,0.14,922.562
0.0,30.0,0.0944,0.767,1491.76
0.0,8.45,0.0266,2.03,774.152
0.0,61.8,0.194,0.44,992.071
0.0,51.1,0.161,0.509,1156.83
0.0,7.32,0.023,2.26,1228.83
0.0,5.1,0.016,2.98,276.881
0.0,nan,nan,nan,886.667
0.0,2.33,0.00733,5.44,591.776
0.0,8.91,0.028,1.95,1394.22
0.0,8.85,0.0279,1.95,664.843
0.0,4.19,0.0132,3.47,1448.34
0.0,11.5,0.0363,1.59,624.575
0.0,11.5,0.0363,1.59,872.493
0.0,21.0,0.0659,1.01,872.493
0.0,6.71,0.0211,2.42,1089.87
0.0,67.6,0.213,0.411,2083.37
0.0,13.5,0.0426,1.41,1327.44
0.0,8.75,0.0275,1.97,635.009
0.0,2.52,0.00793,5.12,635.009
0.0,6.44,0.0203,2.5,2805.48
0.0,41600.0,131.0,50.3,1302.33
0.0,54.5,0.172,0.484,2497.51
0.0,53.4,0.168,0.493,1065.37
0.0,7.46,0.0235,2.23,926.598
0.0,7.41,0.0233,2.24,1239.5
0.0,8.35,0.0263,2.05,1239.5
0.0,nan,nan,nan,1071.8
0.0,10.8,0.0341,1.67,853.119
0.0,79.4,0.25,0.363,758.469
0.0,10.7,0.0336,1.7,762.081
0.0,6.94,0.0218,2.35,831.842
0.0,11.1,0.035,1.64,1765.23
0.0,12.5,0.0394,1.5,1921.15
0.0,nan,nan,nan,1935.04
0.0,3.09,0.00971,4.39,1935.04
0.0,nan,nan,nan,1257.16
0.0,5.39,0.017,2.86,174.826
0.0,2.15,0.00678,5.77,174.826
0.0,8.35,0.0263,2.05,916.706
0.0,12.4,0.039,1.51,1157.21
0.0,9.01,0.0283,1.93,695.059
0.0,8.91,0.028,1.95,1005.43
0.0,4.5,0.0142,3.28,205.118
0.0,6.8,0.0214,2.39,1113.65
0.0,11.0,0.0346,1.65,1370.65
0.0,200.22,0.63,0.88,1177.55
0.0,18.9,0.0596,1.09,1442.02
0.0,9.11,0.0287,1.91,1661.87
0.0,10.6,0.0332,1.71,489.253
0.0,3.26,0.0102,4.21,449.964
0.0,5.31,0.0167,2.9,1780.38
0.0,1.41,0.00444,5.67,450.0
0.0,24.1,0.0759,0.905,3347.16
0.0,6.9,0.0217,2.37,1705.99
0.0,9.8,0.0308,1.81,721.027
0.57,3209.9,10.1,11.0,835.356
0.0,9.64,0.0303,1.83,1296.02
0.0,3.26,0.0102,4.21,1296.02
0.0,6.62,0.0208,2.44,760.43
0.0,8.3,0.0261,2.06,1232.29
0.0,4.31,0.0136,3.4,274.767
0.0,4.7,0.0148,3.18,1770.27
0.0,1.46,0.00459,5.71,852.0
0.0,2.42,0.00761,5.29,1068.68
0.0,6.71,0.0211,2.42,1502.32
0.0,3.5,0.011,3.98,1502.32
0.0,5.14,0.0162,2.96,1502.32
0.0,2.96,0.0093,4.54,1502.32
0.0,5.77,0.0182,2.71,1073.48
0.0,9.59,0.0302,1.84,792.336
0.0,2.79,0.00879,4.73,792.336
0.0,4.78,0.015,3.14,830.707
0.0,nan,nan,nan,1898.26
0.0,1.98,0.00624,5.99,962.459
0.0,3.33,0.0105,4.15,1047.84
0.0,6.48,0.0204,2.48,1076.28
0.0,11.4,0.0359,1.61,2297.62
0.0,35.7,0.112,0.67,2251.03
0.0,3.86,0.0121,3.7,784.56
0.0,8.85,0.0279,1.95,1169.57
0.0,3.86,0.0121,3.7,1169.57
0.0,136.661,0.43,0.603,639.411
0.0,5.9,0.0186,2.66,930.457
0.0,1.87,0.00588,5.95,930.457
0.0,2.54,0.008,5.09,930.457
0.0,3.97,0.0125,3.62,1393.85
0.0,3.97,0.0125,3.62,1130.21
0.0,2.63,0.00829,4.94,547.026
0.0,10.2,0.032,1.76,917.804
0.0,1.81,0.0057,5.9,398.676
0.0,2.18,0.00687,5.71,727.904
0.0,2.76,0.00869,4.77,443.106
0.0,3.46,0.0109,4.01,938.168
0.0,0.64,0.00201,4.99,557.652
0.0,8.7,0.0274,1.98,1064.47
0.0,10.4,0.0327,1.73,446.844
0.0,0.399,0.00126,4.62,516.09
0.0,6.04,0.019,2.62,516.09
0.0,3.12,0.00982,4.35,1303.72
0.0,nan,nan,nan,642.051
0.0,6.48,0.0204,2.48,485.318
0.0,2.18,0.00687,5.71,503.568
0.0,7.04,0.0221,2.33,1775.8
0.0,5.14,0.0162,2.96,1480.16
0.015,10.9,0.0343,1.43,1020.72
0.03,5.9,0.019,0.62,1020.72
0.025,6.0,0.019,0.09,1020.72
0.012,4.1,0.013,0.53,1020.72
0.0,5.39,0.017,2.86,703.168
0.0,9.53,0.03,1.85,1266.34
0.0,4.5,0.0142,3.28,1425.47
0.0,2.45,0.00771,5.24,985.699
0.0,5.1,0.016,2.98,931.192
0.0,2.24,0.00705,5.6,817.584
0.0,5.35,0.0168,2.88,1315.26
0.0,6.3,0.0198,2.54,972.274
0.0,37.9,0.119,0.64,1509.084
0.0,187.5197,0.59,0.27,1021.87
0.0,6.93,0.0218,1.38,369.451
0.0,6.74,0.02121,1.22,369.451
0.0,6.75,0.02124,7.04,369.451
0.0,4.13,0.01299,3.75,369.451
0.0,1.92,0.00606,5.96,369.451
nan,1.51,0.00474,5.75,369.451
0.0,8.5,0.0267,2.02,1019.26
0.0,4.66,0.0147,3.2,440.426
0.0,12.3,0.0386,1.52,780.585
0.0,13.8,0.0434,1.39,639.771
0.0,4.42,0.0139,3.33,649.65
0.0,1.55,0.00489,5.75,649.65
0.0,8.7,0.0274,1.98,638.49
0.0,1.55,0.00489,5.75,361.896
0.0,76.8,0.242,0.373,1492.95
0.0,2.73,0.00859,4.82,321.0
0.0,9.32,0.0293,1.88,961.405
0.0,17.2,0.054,6.67,348.291
0.0,4.3,0.014,1.77,348.291
0.0,1.92,0.00606,5.96,348.291
0.0,4.38,0.0138,3.35,1458.59
0.0,7.75,0.0244,2.16,985.041
0.0,12.3,0.0388,1.51,1482.74
0.0,5.22,0.0164,2.93,840.0
0.0,5.14,0.0162,2.96,2055.77
0.0,15.8,0.0498,1.25,1259.28
0.0,74.5,0.234,0.381,983.697
0.0,60.2,0.189,0.449,1484.46
0.0,22.9,0.072,0.943,925.037
0.0,8.05,0.0253,2.1,664.306
0.0033,12.15,0.03823,0.98,904.326
0.007,13.9,0.04373,0.494,904.326
0.0,3.78,0.0119,3.75,904.326
0.0,6.66,0.021,2.43,904.326
0.0,30.8,0.097,0.749,1387.2
0.0,2.27,0.00714,5.55,614.571
0.0,3.78,0.0119,3.75,860.391
0.0,3.09,0.00972,4.39,1389.27
0.0,4.16,0.0131,3.5,1201.4
0.0,2.96,0.0093,4.54,807.85
0.0,4.04,0.0127,3.56,807.85
0.0,2.1,0.0066,5.91,779.596
0.0,27.0,0.0849,0.831,2046.68
0.0,2.89,0.00909,4.61,575.322
0.0,5.1,0.016,2.98,1073.76
0.0,3.53,0.0111,3.95,1122.0
0.0,2.15,0.00678,5.77,593.54
0.0,4.9,0.0154,3.08,1688.12
0.0,4.74,0.0149,3.16,467.37
0.0,4.74,0.0149,3.16,633.937
0.0,8.2,0.0258,2.07,2406.33
0.0,7.9,0.0249,2.13,980.035
0.0,7.08,0.0223,2.32,901.907
0.0,7.9,0.0249,2.13,1104.04
0.0,7.13,0.0224,2.31,944.561
0.0,40.0,0.126,19.8,1023.9
0.0,20.2,0.064,8.44,1023.9
0.0,2.48,0.0078,5.19,1023.9
0.0,7.27,0.0229,2.27,1023.9
0.0,5.48,0.0172,2.83,1023.9
0.0,43000.0,135.0,47.5,1122.19
0.0,23.8,0.0749,0.914,998.961
0.0,3.19,0.01,4.28,532.726
0.0,7.22,0.0227,2.28,1165.66
0.0,3.46,0.0109,4.01,431.776
0.0,4.82,0.0152,3.12,431.051
0.0,6.71,0.0211,2.42,1127.12
0.0,1.76,0.00553,5.89,513.103
0.0,3.53,0.0111,3.95,1378.47
0.0,40.4,0.127,0.61,822.134
0.0,4.54,0.0143,3.26,765.025
0.0,20.9,0.066,11.1,765.025
0.0,1.87,0.00588,5.95,765.025
0.0,0.6,0.00189,1.6,765.025
0.0,3.82,0.012,3.72,1661.28
0.0,3.46,0.0109,4.01,839.255
0.0,6.99,0.022,2.34,1619.03
0.0,3.5,0.011,3.98,568.676
0.0,42000.0,132.0,49.4,1397.04
0.0,52.7,0.166,0.497,1506.58
0.0,63.3,0.199,0.432,1351.17
0.0,37.2,0.117,0.65,983.502
0.0,21.1,0.0664,1.0,298.532
0.0,9.75,0.0307,1.82,839.903
0.0,10.6,0.0332,1.71,1056.36
0.0,5.82,0.0183,2.7,850.327
0.0,5.52,0.0174,2.81,1039.03
0.0,8.75,0.0275,1.97,1499.66
0.0,6.35,0.02,2.52,2022.9
0.0,6.76,0.0213,2.41,586.137
0.0,3.29,0.0104,4.17,646.667
0.0,19.4,0.0612,1.07,1195.54
0.0,4.86,0.0153,3.1,1593.13
0.0,12.7,0.0399,1.48,939.455
0.036,324.2,1.02,0.729,1232.9
0.039,6.4,0.02,0.152,1232.9
0.0,8.15,0.0256,2.08,1259.46
0.0,13.5,0.0424,1.42,1976.05
0.0,4.62,0.0145,3.22,879.683
0.0,13.5,0.0426,1.41,1182.22
0.0,14.7,0.0463,1.32,1082.16
0.0,8.75,0.0275,1.97,1242.62
0.0,2.63,0.00829,4.94,820.913
0.0,5.14,0.0162,2.96,602.176
0.0,4.38,0.0138,3.35,791.625
0.0,7.13,0.0224,2.31,802.672
0.0,7.56,0.0238,2.21,601.324
0.0,3.82,0.012,3.72,1375.18
0.0,2.04,0.00642,6.02,504.605
0.0,3.82,0.012,3.72,627.455
0.0,2.04,0.00642,6.02,476.733
0.0,6.8,0.0214,2.39,651.318
0.0,2.92,0.0092,4.57,711.297
0.0,4.04,0.0127,3.56,886.588
0.0,1.51,0.00474,5.75,886.588
0.0,3.75,0.0118,3.78,420.817
0.0,1.32,0.00416,5.6,598.313
0.0,58.6,0.184,0.458,1712.12
0.0,33.6,0.106,0.701,2340.58
0.0,8.3,0.0261,2.06,570.727
0.0,9.43,0.0297,1.86,1285.59
0.0,8.15,0.0256,2.08,1162.91
0.0,2.99,0.0094,4.5,540.134
0.0,6.94,0.0218,2.35,2334.93
0.0,6.3,0.0198,2.54,1519.25
0.0,2.83,0.00889,4.7,484.891
0.0,7.65,0.0241,2.18,1246.43
0.0609,43.4,0.13655,0.42,628.257
0.06691,29.9,0.09408,0.31,628.257
0.0,3.33,0.0105,4.15,628.257
nan,2.3,0.00724,5.5,848.254
0.0,4.98,0.0157,3.04,487.525
0.0,2.45,0.00771,5.24,253.867
0.0,6.99,0.022,2.34,1165.34
0.0,4.7,0.0148,3.18,1369.24
0.0,6.94,0.0218,2.35,1369.24
0.0,3.78,0.0119,3.75,978.125
0.0,2.57,0.00809,5.04,529.268
0.0,5.1,0.016,2.98,757.791
0.0,1.87,0.00588,5.95,352.0
0.0,2.76,0.00869,4.77,309.596
0.0519,257.4423,0.81,0.4,1294.69
0.0,0.477,0.0015,4.75,400.289
0.0,7.27,0.0229,2.27,556.168
0.0,8.25,0.0259,2.07,2004.72
0.0,4.9,0.0154,3.08,991.618
0.0,2.48,0.0078,5.19,753.723
0.0,2.86,0.00899,4.66,849.036
0.0,3.75,0.0118,3.78,830.712
0.0,4.31,0.0136,3.4,3460.51
0.0,3.68,0.0116,3.84,1025.03
0.0,5.69,0.0179,2.74,1119.87
0.17,64.3,0.202,8.17,477.992
0.04,6.1,0.019,1.91,477.992
0.07,4.93,0.0155,3.07,477.992
0.0,6.44,0.0203,2.5,1001.68
0.0,13.8,0.0436,1.38,1001.68
0.0,8.6,0.0271,2.0,934.49
0.0,2.6,0.00819,4.99,536.323
0.0,2.48,0.0078,5.19,1000.28
0.0,9.64,0.0303,1.83,1053.04
0.0,6.08,0.0191,2.61,611.115
0.0,5.95,0.0187,2.65,921.361
0.0,3.61,0.0113,3.9,831.685
0.0,3.15,0.00993,4.31,508.809
0.0,1.41,0.00444,5.67,1311.23
0.0,4.54426,0.0143,1.652,95.9115
0.0,5.18,0.0163,2.95,848.396
0.0,2.33,0.00733,5.44,490.0
0.0,2.45,0.00771,5.24,465.612
0.0,6.62,0.0208,2.44,1017.2
0.0,5.02,0.0158,3.02,608.738
0.0,2.39,0.00752,5.34,471.782
0.0,2.7,0.00849,4.87,823.399
0.0,13.4,0.042,1.43,1571.46
0.0,7.61,0.0239,2.2,1571.46
0.0,5.56,0.0175,2.79,1182.05
0.0,3.71,0.0117,3.8,2093.62
0.0,10.84,0.034,1.45,191.904
0.0,11.1,0.035,1.64,1260.78
0.0,9.69,0.0305,1.82,1088.36
0.0,5.18,0.0163,2.95,216.354
0.0,29.5,0.0928,0.777,2300.53
0.0,7.41,0.0233,2.24,1349.43
0.0,7.41,0.0233,2.24,1651.25
0.0,4.38,0.0138,3.35,1137.29
0.0,5.82,0.0183,2.7,1730.78
0.0,4.08,0.0128,3.54,868.017
0.0,8.8,0.0277,1.96,486.105
0.0,13.0,0.041,1.71,445.656
0.0,59.6,0.188,0.452,2161.6
0.0,45.4,0.143,0.557,1304.25
0.0,16.5,0.0519,1.22,258.893
0.0,1.81,0.0057,5.9,258.893
0.0,5.99,0.0189,2.64,215.814
0.0,9.96,0.0313,1.78,550.383
0.0,9.27,0.0292,1.89,544.939
0.0,25.9,0.0816,0.855,824.688
0.0,4.9,0.0154,3.08,449.773
0.0,17.6,0.0555,1.15,807.729
0.0,8.46,0.027,2.26,122.881
0.0,5.86,0.0184,2.68,284.916
0.0,7.04,0.0221,2.33,574.314
0.0,4.54,0.0143,3.26,411.486
0.0,7.56,0.0238,2.21,771.494
0.0,5.14,0.0162,2.96,454.626
0.0,11.4,0.0357,1.62,582.828
0.0,16.0,0.0502,1.25,1027.8
0.0,6.12,0.0193,2.59,568.546
0.0,12.9,0.0407,1.46,568.546
0.0,4.66,0.0147,3.2,290.324
0.0,3.5,0.011,3.98,290.324
0.0,4.94,0.0155,3.06,390.354
0.0,0.937,0.00295,5.31,390.354
0.0,3.51,0.011,5.44,400.907
0.0,5.18,0.0163,2.95,338.522
0.0,19.5,0.0614,1.07,1198.03
0.0,4.5,0.0142,3.28,328.52
0.0,3.09,0.00972,4.39,134.311
0.0,2.79,0.00879,4.73,426.088
0.0,14.9,0.0467,1.32,1012.41
0.0,7.37,0.0232,2.25,568.751
0.0,9.22,0.029,1.9,682.522
0.0,7.85,0.0247,2.14,576.503
0.0,3.55,0.011,2.18,350.315
0.0,7.61,0.0239,2.2,961.468
0.0,5.95,0.0187,2.65,878.082
0.0,5.69,0.0179,2.74,801.479
0.0,6.17,0.0194,2.58,714.437
0.0,5.14,0.0162,2.96,460.188
0.0,9.17,0.0288,1.9,679.361
0.0,6.17,0.0194,2.58,548.364
0.0,10.7,0.0336,1.7,914.126
0.0,4.94,0.0155,3.06,304.889
0.0,5.52,0.0174,2.81,491.978
0.0,7.27,0.0229,2.27,802.163
0.0,2.96,0.0093,4.54,802.163
0.0,6.99,0.022,2.34,389.561
0.0,3.26,0.0102,4.21,259.639
0.0,9.11,0.0287,1.91,324.423
0.0,3.19,0.01,4.28,188.158
0.0,7.75,0.0244,2.16,609.638
0.0,4.58,0.0144,3.24,1216.58
0.0,2.42,0.00761,5.29,467.568
0.0,5.99,0.0189,2.64,986.364
0.0,6.08,0.0191,2.61,545.063
0.21,4.6,0.01447,9.6,25.1496
0.12,1.01,0.00318,12.7,10.6194
0.07,2.42,0.00761,5.4,10.6194
0.09,2.31,0.00727,3.3,10.6194
0.06,6.98,0.02196,7.5,14.9861
0.31,1.81,0.00569,4.7,14.9861
0.0,8.7,0.02737,nan,29.8424
nan,2.25,0.00708,5.59,14.8846
0.04,30.8,0.09691,1.7,52.616
0.0,1.46,0.00459,5.71,26.4927
0.0,5.95,0.0187,2.65,26.4927
0.0,29.32,0.09225,1.536,80.4373
0.0,257.431,0.81,1.4,773.409
0.0,1175.971,3.7,1.5,182.273
0.016,258.07796,0.812,0.42,218.121
0.0,687.14846,2.162,1.43,324.6986504
0.13,109.33352,0.344,0.78,190.422
0.0,66.10864,0.208,0.223,446.442
0.0,235.1942,0.74,0.226,356.391
0.0,20.6,0.06481,3.45,280.555
0.0,72.78307,0.229,0.194,306.779
0.0,425.57437,1.339,0.711,308.262
0.01,295.5819,0.93,0.89,428.976
0.06,921.707,2.9,2.93,609.128
0.82,197.046,0.62,0.4,1344.97
0.54,174.799,0.55,0.65,1068.33
0.15,400.449,1.26,1.2,566.459
0.6,375.02,1.18,0.85,2012.62
0.0,320.995,1.01,0.41,2501.75
0.0,327.351,1.03,0.42,1515.26
0.67,441.77,1.39,0.68,282.8391387
nan,1430.175,4.5,1.25,1627.63
0.41,25426.4,80.0,nan,343.863
nan,734.16,2.31,3.44,747.959
0.0,411.27202,1.294,1.076,185.615
0.0,233.92288,0.736,0.248,559.068
0.0,792.635,2.494,1.573,181.374
0.0,1369.8473,4.31,4.0,735.601
0.0,1938.763,6.1,5.1,329.036
0.0,1373.0256,4.32,3.95,367.658
0.0,597.5204,1.88,0.502,705.981
0.0,117.91493,0.371,0.216,281.498
0.0,378.2177,1.19,1.43,213.771
nan,3082.82,9.7,8.34,8500.0
nan,1207.7,3.8,8.87,8500.0
0.575,617.22586,1.942,1.847,306.063
0.22,12.9,0.0407,1.46,58.2609
0.047,309.56642,0.974,0.38,58.2609
0.0,7.85,0.0247,2.14,62.118
0.15,6.91,0.02174,7.4,39.6345
0.194,9.5,0.02989,2.57,111.059
0.066,6.63,0.02086,1.73,111.059
0.168,13.6,0.04279,2.98,111.059
0.09,13.5,0.04248,5.57,36.0118
0.04,2.2,0.00692,3.18,36.0118
0.059,22.4,0.07048,3.08,163.678
0.262,797.7533,2.51,1.68,336.267
0.0,375.0394,1.18,0.686,355.683
0.0,387.7526,1.22,0.49,411.719
0.0,251.40353,0.791,0.76,407.84
0.3806,1722.6386,5.42,7.53,342.831
0.057,26.78,0.08426,1.14,60.798
0.118,209.7678,0.66,0.54,128.438
0.029,200.0,0.62927,0.76,177.945
0.132,30.0,0.09439,0.34,177.945
0.0,2.67,0.00839,4.91,38.0749
0.0,317.83,1.0,nan,99.523
0.0,2.09,0.00657,5.92,22.4793
0.0,6.44,0.0203,2.5,22.4793
0.0,5.18,0.0163,2.95,22.4793
0.153,486.2799,1.53,1.96,179.366
0.0,0.674,0.00212,5.03,14.0022
0.0,1.59,0.005,3.0,85.799
0.06,5.4,0.01699,1.3,85.799
0.051,11.95,0.0376,4.1,85.799
0.061,16.0,0.05034,4.6,85.799
0.0,3.0,0.00944,1.3,85.799
0.072,464.98529,1.463,1.7,199.581
0.435,392.83788,1.236,0.957,141.812
0.081,1.11,0.00348,5.47,31.1265
0.078,7.51,0.0236,2.22,31.1265
0.111,1.57,0.00495,5.76,31.1265
0.04,9.79,0.0308,4.51,95.1274
0.04,9.32,0.02932,2.82,95.1274
0.06,4.0,0.01259,3.4,27.1701
0.04,5.3,0.01668,3.5,27.1701
0.0,36.4,0.114,0.662,263.145
nan,18.467,0.0581,4.03,63.9262
0.0,381.396,1.2,nan,142.488
0.0,39.09,0.12299,5.2,225.734
0.125,301.9385,0.95,0.962,340.543
0.024,211.99261,0.667,0.515,158.649
0.14,55.30242,0.174,0.35,238.768
0.081,0.85,0.00267,3.6,12.4298888
0.083,1.38,0.00434,6.45,12.4298888
0.07,0.41,0.00129,4.9,12.4298888
0.085,0.62,0.00195,4.4,12.4298888
0.063,0.68,0.00214,3.3,12.4298888
0.061,1.34,0.00422,5.2,12.4298888
0.00567,0.331,0.00104,3.96,12.4298888
0.0,607.03,1.91,0.994,231.337
0.03,568.9157,1.79,1.31,360.313
0.29,74.9,0.236,0.38,108.199
0.43,26.7,0.0839,0.84,108.199
0.21,33.6,0.106,0.701,108.199
0.57,57.0,0.179,0.469,108.199
0.0473,1001.12,3.15,4.14,140.998
0.0,162.0933,0.51,0.24,201.224
0.15,473.547,1.49,0.55,375.647
0.0,572.094,1.8,2.65,169.272
0.0,514.8846,1.62,1.86,352.181
0.06,30.5,0.096,0.134,64.7414
0.0,150.96925,0.475,0.228,435.156
0.3,95.349,0.3,0.3445,157.963
0.0,163.36462,0.514,0.233,376.658
0.058,390.9309,1.23,0.7,302.448
0.057,1541.4755,4.85,2.0,381.174
0.0,375.99289,1.183,0.243,269.898
0.017,190.698,0.6,0.43,448.637
0.18,90.3,0.28411,0.41,216.526
0.0,114.4188,0.36,0.222,227.537
0.0,390.9309,1.23,2.34,172.256
0.0,85.8141,0.27,0.2,200.075
0.0,130.3103,0.41,0.84,122.91
0.17,368.6828,1.16,0.88,559.084
0.0,603.877,1.9,1.16,298.214
nan,479.9233,1.51,0.773,275.587
nan,387.7526,1.22,1.2,414.234
0.0,854.9627,2.69,1.98,516.543
0.0,266.9772,0.84,0.31,730.933
0.0,139.8452,0.44,0.95,355.513
0.0,87.40325,0.275,0.263,436.098
0.22,92.48853,0.291,0.96,246.353
0.0,171.6282,0.54,0.263,282.091
0.3775,2688.8418,8.46,8.54,527.995
0.003,98.5273,0.31,0.29,453.099
0.009,123.9537,0.39,0.15,610.176
0.007,40.68224,0.128,1.3,122.066
0.0,182.43442,0.574,0.64,334.037
0.0,886.7457,2.79,3.1,524.993
0.0,174.8065,0.55,0.28,715.383
0.0,394.1092,1.24,0.572,194.134
nan,791.3967,2.49,2.2,343.08
0.434,1652.716,5.2,6.9,310.841
nan,594.3421,1.87,1.42,261.386
0.0,676.9779,2.13,1.96,327.506
0.0,209.13214,0.658,0.44,602.236
0.0,32.10083,0.101,0.54,114.173
nan,2542.64,8.0,nan,423.552
0.0,178.30263,0.561,0.33,627.066
0.0,247.9074,0.78,0.082,405.908
nan,508.528,1.6,1.6,305.603
0.0,344.52772,1.084,1.5,757.84
0.0,149.3801,0.47,0.16,538.11
nan,413.179,1.3,nan,410.149
0.0,314.6517,0.99,0.74,539.36
0.0,271.74465,0.855,0.31,568.42
nan,161.45764,0.508,0.172,176.818
0.0,527.5978,1.66,0.37,427.678
nan,95.03117,0.299,0.237,437.495
0.0,47.03884,0.148,0.318,327.602
nan,159.55066,0.502,0.21,325.377
0.0,181.1631,0.57,0.32,663.231
0.24,311.4734,0.98,0.66,279.35
0.33,1341.2426,4.22,3.821,278.514
0.0,254.264,0.8,0.224,371.414
0.002,339.76027,1.069,0.492,268.325
0.0,317.83,1.0,0.815,542.251
0.0,731.009,2.3,1.62,508.885
0.0,95.345,0.3,0.32,258.426
0.02,212.9461,0.67,0.444,317.652
0.062,280.95,0.884,1.17,207.49
0.0,139.8452,0.44,0.382,211.416
0.0,288.26,0.907,0.676,348.494
0.03,73.1009,0.23,0.65,87.5953
0.0,151.916,0.478,0.172,383.829
0.0,835.8929,2.63,3.24,275.994
0.04,177.9848,0.56,0.412,132.096
0.0,225.6593,0.71,0.378,202.218
0.0,572.07,1.8,1.53,392.791
0.03,1093.3352,3.44,2.54,136.24
0.0,88.989,0.28,0.186,213.982
0.0,376.94638,1.186,0.612,267.206
0.0,270.1555,0.85,0.742,163.371
0.062,167.49641,0.527,0.464,177.291
0.0,565.714,1.78,2.939,86.7467
0.068,276.5121,0.87,0.811,364.512
0.022,607.0553,1.91,1.467,375.31
0.0028,363.1,1.14243,0.993,264.78
0.014,13.1,0.04122,1.58,264.78
0.03,6.83,0.02149,6.35,264.78
0.0,254.264,0.8,0.415,454.144
0.038,502.15,1.58,1.64,309.137
0.009,466.8287,1.4688,1.325,184.848
0.0,146.2,0.46,0.29,174.818
0.03,677.61356,2.132,2.28,201.338
0.059,204.68252,0.644,0.693,398.276
0.1,274.276,0.863,2.4,115.936
0.05,117.5971,0.37,0.326,197.119
0.0,174.8065,0.55,0.378,431.052
0.0,851.7844,2.68,1.423,488.66
0.0,165.2716,0.52,0.262,175.631
0.0,117.5971,0.37,0.173,290.684
0.0,492.62,1.55,1.5,273.703
0.0,746.9005,2.35,1.144,500.258
0.0,136.6669,0.43,0.388,189.469
0.0,92.1707,0.29,0.291,49.9605
0.034,305.1168,0.96,0.55,162.303
0.0,441.7837,1.39,0.94,362.715
0.0,731.009,2.3,0.87,434.754
0.0,908.9938,2.86,1.596,316.678
0.0,228.8376,0.72,0.3697,149.216
0.0,352.7913,1.11,0.131,754.258
0.0,270.1555,0.85,0.13,246.69
0.002,170.99254,0.538,0.717,49.7876
0.066,231.69807,0.729,0.332,398.505
0.0,371.8611,1.17,0.354,275.664
0.0,95.349,0.3,0.35,271.103
0.0,220.565,0.694,1.104,100.588
0.0,133.4886,0.42,0.141,523.756
0.193,1875.197,5.9,7.0,290.946
0.0,200.2329,0.63,0.193,466.433
0.0,425.8922,1.34,1.59,149.942
0.0,255.85315,0.805,0.346,575.889
0.0,467.2101,1.47,0.479,370.284
0.0,457.6752,1.44,0.84,137.544
0.0,152.55,0.48,0.37,352.464
0.0,432.2488,1.36,1.21,151.068
0.0,772.3269,2.43,2.79,158.66
0.1,1274.44,4.01,1.61,2346.01
0.0,355.9696,1.12,0.54,1030.7683444
0.012,188.15536,0.592,0.72,305.3
0.057,232.33373,0.731,0.62,565.541
nan,4.78,0.015,3.14,44.526
0.0,263.7989,0.83,0.64,163.553
0.29,2316.9807,7.29,8.09,213.053
0.0,451.3186,1.42,0.83,272.655
0.0,378.2,1.19,1.06,276.211
0.0,1398.452,4.4,0.62,235.479
0.038,225.34147,0.709,0.34,234.149
0.0,4.82,0.01517,2.97,18.2702
